state,city,population,pop2025,pop2020,growth,type,pop2024,densityMi,areaMi,lat,lng,rank,fips_code,geo_id
Colorado,Denver,715891,715891,717606.0,-0.000478893,City,716234,4677,153.074,39.7618,-104.881,1,08031,08031
Colorado,Colorado Springs,494219,494219,480331.0,0.00565276,City,491441,2448,201.868,38.8673,-104.761,2,08041,08041
Colorado,Aurora,400571,400571,386773.0,0.00693797,City,397811,2457,163.009,39.7036,-104.72,3,08031,08031
Colorado,Fort Collins,170638,170638,169982.0,0.000768296,City,170507,2981,57.234,40.5482,-105.065,4,08123,08123
Colorado,Lakewood,155770,155770,156247.0,-0.000609501,City,155865,3584,43.458,39.6989,-105.118,5,08031,08031
Colorado,Thornton,146746,146746,142185.0,0.00625368,City,145834,4020,36.504,39.9204,-104.941,6,08014,08014
Colorado,Arvada,119461,119461,124343.0,-0.00810382,City,120437,3065,38.974,39.8337,-105.15,7,08014,08014
Colorado,Greeley,114833,114833,109272.0,0.00977832,City,113721,2323,49.434,40.414,-104.771,8,08123,08123
Colorado,Westminster,113729,113729,116594.0,-0.00501304,City,114302,3597,31.618,39.8801,-105.062,9,08014,08014
Colorado,Pueblo,110529,110529,111899.0,-0.00247286,City,110803,1957,56.489,38.2692,-104.611,10,08101,08101
Colorado,Centennial,106007,106007,108196.0,-0.0041148,City,106445,3515,30.156,39.5909,-104.864,11,08031,08031
Colorado,Boulder,104414,104414,108123.0,-0.00705618,City,105156,3882,26.894,40.0244,-105.251,12,08014,08014
Colorado,Highlands Ranch,102714,102714,107017.0,0.00390953,CDP,102314,4232,24.268,39.5408,-104.971,13,08035,08035
Colorado,Longmont,98258,98258,99188.0,-0.0018894,City,98444,3384,29.038,40.1699,-105.102,14,08014,08014
Colorado,Castle Rock,86434,86434,73886.0,0.029908,Town,83924,2488,34.742,39.3762,-104.853,15,08035,08035
Colorado,Loveland,81342,81342,76366.0,0.0123838,City,80347,2296,35.423,40.4169,-105.063,16,08123,08123
Colorado,Broomfield,78440,78440,74490.0,0.0101739,City,77650,2379,32.968,39.9536,-105.051,17,08014,08014
Colorado,Commerce City,71887,71887,62782.0,0.0259898,City,70066,1968,36.531,39.8828,-104.795,18,08031,08031
Colorado,Grand Junction,71870,71870,65725.0,0.0173978,City,70641,1769,40.619,39.0891,-108.567,19,08077,08077
Colorado,Parker,65319,65319,58879.0,0.0201153,Town,64031,2910,22.447,39.5059,-104.776,20,08035,08035
Colorado,Windsor,45095,45095,33230.0,0.0555452,Town,42722,1730,26.062,40.4783,-104.915,21,08123,08123
Colorado,Brighton,43933,43933,40293.0,0.0168499,City,43205,2050,21.434,39.9657,-104.794,22,08014,08014
Colorado,Littleton,43688,43688,45595.0,-0.00864553,City,44069,3462,12.619,39.5904,-105.02,23,08031,08031
Colorado,Security-Widefield,40717,40717,38645.0,0.0129867,CDP,40195,3169,12.85,38.7511,-104.716,24,08041,08041
Colorado,Erie,38503,38503,30417.0,0.0438378,Town,36886,1857,20.738,40.0403,-105.038,25,08014,08014
Colorado,Northglenn,38249,38249,38036.0,0.00112548,City,38206,5197,7.36,39.9116,-104.982,26,08014,08014
Colorado,Pueblo West,35512,35512,32842.0,0.0111617,CDP,35120,716,49.611,38.3158,-104.785,27,08101,08101
Colorado,Dakota Ridge,34791,34791,34655.0,0.00534589,CDP,34606,3705,9.39,39.6192,-105.135,28,08059,08059
Colorado,Englewood,34709,34709,33623.0,0.00629131,City,34492,5290,6.561,39.647,-104.994,29,08031,08031
Colorado,Ken Caryl,33772,33772,33815.0,0.00264228,CDP,33683,3435,9.833,39.5767,-105.114,30,08059,08059
Colorado,Wheat Ridge,31420,31420,32379.0,-0.00607364,City,31612,3363,9.344,39.7727,-105.105,31,08031,08031
Colorado,Lafayette,30443,30443,30433.0,6.57e-05,City,30441,3298,9.231,39.9948,-105.1,32,08014,08014
Colorado,Fountain,27552,27552,29894.0,-0.0167024,City,28020,1233,22.342,38.689,-104.681,33,08041,08041
Colorado,Four Square Mile,26775,26775,21993.0,0.0714286,CDP,24990,9909,2.702,39.6807,-104.888,34,08031,08031
Colorado,Columbine,26355,26355,25892.0,0.00526376,CDP,26217,3973,6.634,39.5886,-105.069,35,08031,08031
Colorado,Evans,22353,22353,22285.0,0.000626706,City,22339,2129,10.501,40.3502,-104.748,36,08123,08123
Colorado,Montrose,21969,21969,20378.0,0.0146875,City,21651,1163,18.891,38.4688,-107.859,37,08085,08085
Colorado,Johnstown,20939,20939,17369.0,0.0353028,Town,20225,1356,15.437,40.3072,-104.911,38,08123,08123
Colorado,Golden,20140,20140,20394.0,-0.00252588,City,20191,2091,9.634,39.7425,-105.211,39,08059,08059
Colorado,Firestone,19873,19873,16663.0,0.0333836,Town,19231,1430,13.899,40.1557,-104.949,40,08014,08014
Colorado,Louisville,19867,19867,21174.0,-0.012967,City,20128,2492,7.971,39.9696,-105.143,41,08014,08014
Colorado,Durango,19820,19820,19105.0,0.00726737,City,19677,1344,14.744,37.2654,-107.878,42,08067,08067
Colorado,Cimarron Hills,19758,19758,18981.0,0.0122445,CDP,19519,3354,5.891,38.8593,-104.7,43,08041,08041
Colorado,Frederick,19644,19644,14724.0,0.0527331,Town,18660,1292,15.208,40.1059,-104.974,44,08014,08014
Colorado,Sherrelwood,19496,19496,19082.0,0.00417203,CDP,19415,7948,2.453,39.8382,-105.002,45,08031,08031
Colorado,Clifton,19331,19331,20783.0,-0.0019619,CDP,19369,3230,5.985,39.0767,-108.46,46,08077,08077
Colorado,Fort Carson,19178,19178,16243.0,0.0190223,CDP,18820,686,27.969,38.6874,-104.749,47,08041,08041
Colorado,Cañon City,17438,17438,16945.0,0.00570967,City,17339,1405,12.413,38.4419,-105.221,48,08043,08043
Colorado,Castle Pines,17101,17101,11215.0,0.0739136,City,15924,1783,9.593,39.4625,-104.871,49,08035,08035
Colorado,Welby,16647,16647,15372.0,0.00726085,CDP,16527,4494,3.704,39.8402,-104.965,50,08031,08031
Colorado,Berthoud,14988,14988,10613.0,0.0619996,Town,14113,1153,12.996,40.2847,-104.966,51,08123,08123
Colorado,Greenwood Village,14909,14909,15649.0,-0.00982932,City,15057,1804,8.264,39.6159,-104.912,52,08031,08031
Colorado,Black Forest,14767,14767,13103.0,0.00750495,CDP,14657,147,100.64,39.0636,-104.68,53,08041,08041
Colorado,Fruita,14077,14077,13424.0,0.00939337,City,13946,1758,8.009,39.1556,-108.73,54,08077,08077
Colorado,Lone Tree,13918,13918,14280.0,-0.00514653,City,13990,1419,9.81,39.5308,-104.871,55,08035,08035
Colorado,Steamboat Springs,13700,13700,13219.0,0.00705675,City,13604,1385,9.891,40.4756,-106.823,56,08107,08107
Colorado,Federal Heights,13642,13642,14394.0,-0.0108759,City,13792,7686,1.775,39.865,-105.015,57,08014,08014
Colorado,Superior,13531,13531,13106.0,0.00632158,Town,13446,3440,3.933,39.9312,-105.159,58,08014,08014
Colorado,Monument,13194,13194,10429.0,0.0437465,Town,12641,1893,6.971,39.0744,-104.844,59,08035,08035
Colorado,Severance,12704,12704,7993.0,0.0800884,Town,11762,1395,9.11,40.5051,-104.842,60,08123,08123
Colorado,Wellington,12696,12696,11151.0,0.0249455,Town,12387,3308,3.838,40.7007,-105.006,61,08123,08123
Colorado,Sterling,12652,12652,13407.0,-0.0117941,City,12803,1661,7.619,40.6205,-103.193,62,08075,08075
Colorado,Timnath,12158,12158,6740.0,0.0978869,Town,11074,1664,7.308,40.5332,-104.965,63,08123,08123
Colorado,Fort Morgan,11570,11570,11555.0,0.000259358,City,11567,2168,5.337,40.253,-103.789,64,08087,08087
Colorado,Berkley,11179,11179,11299.0,-0.000178874,CDP,11181,3108,3.597,39.8066,-105.029,65,08031,08031
Colorado,Cherry Creek,11166,11166,11503.0,0.000268744,CDP,11163,6686,1.67,39.6095,-104.864,66,08031,08031
Colorado,Fairmount,11108,11108,9549.0,0.0218011,CDP,10871,1827,6.081,39.7926,-105.171,67,08014,08014
Colorado,Edwards,10835,10835,9347.0,0.0035195,CDP,10797,407,26.636,39.6118,-106.62,68,08037,08037
Colorado,Rifle,10651,10651,10431.0,0.0041482,City,10607,1520,7.007,39.5376,-107.77,69,08045,08045
Colorado,The Pinery,10538,10538,10033.0,9.4903e-05,CDP,10537,1015,10.379,39.4484,-104.75,70,08035,08035
Colorado,Glenwood Springs,10411,10411,10008.0,0.00784124,City,10330,1784,5.835,39.5471,-107.343,71,08045,08045
Colorado,Fort Lupton,10408,10408,8005.0,0.0484537,City,9927,803,12.954,40.0828,-104.806,72,08123,08123
Colorado,Gunbarrel,10319,10319,10494.0,0.00682993,CDP,10249,1652,6.246,40.0632,-105.172,73,08014,08014
Colorado,Stonegate,9972,9972,9860.0,0.00676426,CDP,9905,5446,1.831,39.5338,-104.8,74,08035,08035
Colorado,Delta,9956,9956,9063.0,0.0183083,City,9777,750,13.274,38.7574,-108.088,75,08029,08029
Colorado,Alamosa,9928,9928,9815.0,0.00232206,City,9905,1246,7.965,37.4745,-105.877,76,08003,08003
Colorado,Milliken,9498,9498,8462.0,0.0222796,Town,9291,727,13.061,40.3105,-104.858,77,08123,08123
Colorado,Derby,9340,9340,9156.0,0.0119177,CDP,9230,5337,1.75,39.8408,-104.916,78,08031,08031
Colorado,Gypsum,9331,9331,8085.0,0.0274169,Town,9082,1056,8.84,39.6202,-106.956,79,08037,08037
Colorado,Cortez,9203,9203,8777.0,0.00932222,City,9118,1477,6.23,37.3498,-108.577,80,08083,08083
Colorado,Craig,9053,9053,9042.0,0.00022097,City,9051,1785,5.073,40.5171,-107.555,81,08081,08081
Colorado,Roxborough Park,9046,9046,9004.0,-0.000441988,CDP,9050,980,9.232,39.4506,-105.074,82,08035,08035
Colorado,Redlands,8971,8971,8863.0,0.00212243,CDP,8952,696,12.893,39.085,-108.655,83,08077,08077
Colorado,Evergreen,8956,8956,9475.0,-0.000557973,CDP,8961,777,11.522,39.6356,-105.338,84,08059,08059
Colorado,Woodmoor,8889,8889,8474.0,0.00112625,CDP,8879,1460,6.087,39.1048,-104.844,85,08035,08035
Colorado,Lochbuie,8425,8425,8202.0,0.00536993,Town,8380,2286,3.685,40.0091,-104.727,86,08014,08014
Colorado,Applewood,8191,8191,8300.0,0.00849544,CDP,8122,2015,4.065,39.7475,-105.173,87,08031,08031
Colorado,Trinidad,8134,8134,8339.0,-0.00501529,City,8175,867,9.385,37.1732,-104.49,88,08071,08071
Colorado,Fruitvale,8109,8109,8352.0,0.00358911,CDP,8080,2836,2.859,39.0933,-108.479,89,08077,08077
Colorado,Twin Lakes,8082,8082,7552.0,0.0166038,CDP,7950,4922,1.642,39.8227,-105.004,90,08031,08031
Colorado,Woodland Park,7840,7840,7922.0,-0.00203666,City,7856,1186,6.612,38.9982,-105.059,91,08119,08119
Colorado,Mead,7546,7546,4805.0,0.0783081,Town,6998,502,15.037,40.227,-104.988,92,08123,08123
Colorado,Lamar,7409,7409,7699.0,-0.00776751,City,7467,1421,5.215,38.076,-102.615,93,08099,08099
Colorado,Eagle,7315,7315,7504.0,-0.00516796,Town,7353,1252,5.843,39.6432,-106.821,94,08037,08037
Colorado,Orchard Mesa,7257,7257,6484.0,0.00387329,CDP,7229,1979,3.667,39.0374,-108.523,95,08077,08077
Colorado,Stratmoor,7218,7218,5960.0,0.00305725,CDP,7196,2728,2.646,38.772,-104.778,96,08041,08041
Colorado,Gunnison,6973,6973,6577.0,0.0114592,City,6894,1438,4.849,38.548,-106.925,97,08051,08051
Colorado,Carbondale,6878,6878,6453.0,0.0125129,Town,6793,3313,2.076,39.3956,-107.215,98,08097,08097
Colorado,La Junta,6845,6845,7314.0,-0.0135466,City,6939,2142,3.196,37.9794,-103.547,99,08089,08089
Colorado,Dacono,6759,6759,6349.0,0.012281,City,6677,729,9.275,40.0635,-104.947,100,08014,08014
Colorado,Air Force Academy,6661,6661,6368.0,-0.000150105,CDP,6662,667,9.989,38.9942,-104.864,101,08119,08119
Colorado,Gleneagle,6374,6374,6256.0,-0.00234779,CDP,6389,2737,2.329,39.0399,-104.825,102,08035,08035
Colorado,Aspen,6355,6355,6997.0,-0.0197439,City,6483,1645,3.863,39.1952,-106.837,103,08097,08097
Colorado,Cherry Hills Village,6169,6169,6428.0,-0.00835878,City,6221,994,6.206,39.6374,-104.947,104,08031,08031
Colorado,Salida,6032,6032,5702.0,0.0110627,City,5966,2160,2.792,38.5299,-105.998,105,08015,08015
Colorado,Avon,5834,5834,6134.0,-0.0101798,Town,5894,701,8.319,39.6419,-106.516,106,08037,08037
Colorado,Eaton,5824,5824,5844.0,-0.000686341,Town,5828,1843,3.16,40.5257,-104.713,107,08123,08123
Colorado,Sheridan,5777,5777,6104.0,-0.0111263,City,5842,2596,2.225,39.6478,-105.017,108,08031,08031
Colorado,Estes Park,5773,5773,5900.0,-0.00431183,Town,5798,862,6.695,40.367,-105.534,109,08013,08013
Colorado,Dove Valley,5651,5651,4943.0,0.00497955,CDP,5623,1804,3.132,39.5749,-104.832,110,08035,08035
Colorado,Castle Pines Village,5577,5577,4558.0,0.0712639,CDP,5206,1253,4.452,39.4418,-104.897,111,08035,08035
Colorado,Meridian,5544,5544,4792.0,0.0320179,CDP,5372,2164,2.562,39.5457,-104.853,112,08035,08035
Colorado,Shaw Heights,5544,5544,5987.0,0.00525839,CDP,5515,8201,0.676,39.8575,-105.039,113,08014,08014
Colorado,West Pleasant View,5536,5536,5417.0,0.0208372,CDP,5423,3588,1.543,39.7319,-105.178,114,08059,08059
Colorado,Todd Creek,5379,5379,4635.0,0.0202959,CDP,5272,544,9.888,39.9787,-104.868,115,08014,08014
Colorado,Battlement Mesa,5317,5317,4870.0,0.0106444,CDP,5261,477,11.157,39.4528,-108.004,116,08045,08045
Colorado,Silverthorne,5263,5263,4455.0,0.0317585,Town,5101,1296,4.061,39.6599,-106.089,117,08117,08117
Colorado,Brush,5224,5224,5333.0,-0.00419367,City,5246,1845,2.831,40.2593,-103.636,118,08087,08087
Colorado,Breckenridge,4863,4863,5055.0,-0.00775352,Town,4901,805,6.043,39.4995,-106.043,119,08117,08117
Colorado,New Castle,4835,4835,4912.0,-0.00309278,Town,4850,1937,2.496,39.5776,-107.526,120,08045,08045
Colorado,Edgewater,4800,4800,5005.0,-0.00846932,City,4841,6906,0.695,39.7509,-105.063,121,08031,08031
Colorado,Lincoln Park,4630,4630,3559.0,0.0157964,CDP,4558,1223,3.785,38.4252,-105.213,122,08043,08043
Colorado,El Jebel,4460,4460,4349.0,0.00996377,CDP,4416,841,5.305,39.407,-107.094,123,08097,08097
Colorado,Manitou Springs,4452,4452,4876.0,-0.0187348,City,4537,1414,3.149,38.8575,-104.913,124,08119,08119
Colorado,Glendale,4345,4345,4599.0,-0.0116015,City,4396,7650,0.568,39.7031,-104.936,125,08031,08031
Colorado,Vail,4323,4323,4818.0,-0.0223881,Town,4422,919,4.705,39.6378,-106.362,126,08117,08117
Colorado,Genesee,4155,4155,4099.0,0.00873998,CDP,4119,628,6.621,39.6879,-105.271,127,08059,08059
Colorado,Niwot,4112,4112,4085.0,0.00170524,CDP,4105,1029,3.996,40.0976,-105.158,128,08014,08014
Colorado,Basalt,4018,4018,3985.0,0.0017452,Town,4011,1986,2.023,39.3686,-107.049,129,08097,08097
Colorado,Penrose,3980,3980,3185.0,0.00683026,CDP,3953,223,17.846,38.4213,-105.0,130,08101,08101
Colorado,Bennett,3979,3979,2904.0,0.0571201,Town,3764,576,6.903,39.7417,-104.429,131,08005,08005
Colorado,Monte Vista,3949,3949,4251.0,-0.0149663,City,4009,1497,2.638,37.5785,-106.15,132,08105,08105
Colorado,Florence,3876,3876,3841.0,0.00180925,City,3869,862,4.494,38.3796,-105.1,133,08027,08027
Colorado,Silt,3792,3792,3554.0,0.0128205,Town,3744,2253,1.683,39.548,-107.653,134,08045,08045
Colorado,Rocky Ford,3786,3786,3868.0,-0.00420831,City,3802,2255,1.679,38.0499,-103.722,135,08089,08089
Colorado,Sierra Ridge,3666,3666,1742.0,0.0713033,CDP,3422,7231,0.507,39.5286,-104.817,136,08035,08035
Colorado,Ponderosa Park,3663,3663,3533.0,0.00798019,CDP,3634,254,14.431,39.3987,-104.635,137,08035,08035
Colorado,Stepping Stone,3458,3458,1798.0,0.0715835,CDP,3227,4705,0.735,39.5147,-104.822,138,08035,08035
Colorado,Yuma,3366,3366,3453.0,-0.00502513,City,3383,1028,3.273,40.1225,-102.716,139,08125,08125
Colorado,Strasburg,3324,3324,2987.0,0.0177587,CDP,3266,160,20.805,39.7207,-104.318,140,08005,08005
Colorado,Orchard City,3317,3317,3151.0,0.0100487,Town,3284,288,11.521,38.8181,-107.967,141,08029,08029
Colorado,Buena Vista,3222,3222,2866.0,0.0225325,Town,3151,927,3.475,38.832,-106.139,142,08015,08015
Colorado,Ault,3158,3158,1928.0,0.084478,Town,2912,1789,1.765,40.5892,-104.739,143,08123,08123
Colorado,Meridian Village,3124,3124,2840.0,0.0713306,CDP,2916,6125,0.51,39.5281,-104.826,144,08035,08035
Colorado,Walsenburg,3109,3109,3048.0,0.00387472,City,3097,1040,2.99,37.6306,-104.782,145,08055,08055
Colorado,Burlington,3102,3102,3166.0,-0.00417335,City,3115,1441,2.152,39.3042,-102.271,146,08063,08063
Colorado,Inverness,3082,3082,1863.0,0.0345754,CDP,2979,2727,1.13,39.5758,-104.865,147,08035,08035
Colorado,Park Center,2984,2984,2397.0,0.0714542,CDP,2785,456,6.549,38.4852,-105.226,148,08043,08043
Colorado,Elizabeth,2980,2980,1722.0,0.0923754,Town,2728,1380,2.16,39.3653,-104.604,149,08035,08035
Colorado,Snowmass Village,2955,2955,3094.0,-0.00938652,Town,2983,106,27.792,39.2169,-106.944,150,08097,08097
Colorado,Bayfield,2894,2894,2839.0,0.00381547,Town,2883,1755,1.649,37.2341,-107.595,151,08067,08067
Colorado,Holly Hills,2871,2871,2815.0,0.00807584,CDP,2848,4950,0.58,39.6677,-104.922,152,08031,08031
Colorado,Platteville,2858,2858,2957.0,-0.00694927,Town,2878,915,3.122,40.2228,-104.834,153,08123,08123
Colorado,Frisco,2655,2655,2924.0,-0.0199336,Town,2709,1590,1.67,39.5785,-106.091,154,08117,08117
Colorado,Leadville,2631,2631,2623.0,0.000760745,City,2629,2241,1.174,39.2473,-106.293,155,08065,08065
Colorado,Palisade,2624,2624,2569.0,0.00420972,Town,2613,2209,1.188,39.1079,-108.357,156,08077,08077
Colorado,Keenesburg,2578,2578,1257.0,0.114088,Town,2314,278,9.261,40.1552,-104.563,157,08123,08123
Colorado,Palmer Lake,2537,2537,2661.0,-0.009758,Town,2562,821,3.092,39.1158,-104.909,158,08035,08035
Colorado,Acres Green,2532,2532,2888.0,-0.0124805,CDP,2564,4213,0.601,39.5557,-104.896,159,08035,08035
Colorado,Cedaredge,2492,2492,2287.0,0.0167279,Town,2451,1271,1.961,38.8941,-107.925,160,08029,08029
Colorado,Telluride,2459,2459,2623.0,-0.0132424,Town,2492,1112,2.211,37.9402,-107.818,161,08113,08113
Colorado,Coal Creek,2439,2439,2605.0,0.00123153,CDP,2436,260,9.389,39.9047,-105.372,162,08047,08047
Colorado,Las Animas,2424,2424,2298.0,0.010421,City,2399,1491,1.626,38.0697,-103.223,163,08011,08011
Colorado,Sterling Ranch,2375,2375,521.0,0.0712675,CDP,2217,430,5.529,39.4932,-105.048,164,08035,08035
Colorado,Granby,2370,2370,2085.0,0.0246433,Town,2313,187,12.681,40.0648,-105.919,165,08049,08049
Colorado,Meeker,2366,2366,2371.0,-0.000422475,Town,2367,659,3.589,40.05,-107.895,166,08103,08103
Colorado,Wray,2303,2303,2333.0,-0.00259853,City,2309,666,3.458,40.08,-102.229,167,08125,08125
Colorado,Rangely,2276,2276,2301.0,-0.00219202,Town,2281,519,4.383,40.087,-108.783,168,08103,08103
Colorado,La Salle,2263,2263,2358.0,-0.00832603,Town,2282,2312,0.979,40.3486,-104.706,169,08123,08123
Colorado,Holyoke,2262,2262,2344.0,-0.00702371,City,2278,916,2.47,40.5821,-102.297,170,08095,08095
Colorado,Laporte,2179,2179,2299.0,-0.00819299,CDP,2197,356,6.116,40.6377,-105.144,171,08069,08069
Colorado,Aristocrat Ranchettes,2148,2148,2080.0,0.025788,CDP,2094,1734,1.239,40.1085,-104.761,172,08123,08123
Colorado,Lyons,2113,2113,2207.0,-0.00891182,Town,2132,1565,1.35,40.223,-105.269,173,08013,08013
Colorado,Leadville North,2055,2055,2200.0,0.00834151,CDP,2038,839,2.449,39.26,-106.311,174,08065,08065
Colorado,Wiggins,2038,2038,1433.0,0.0631195,Town,1917,1540,1.323,40.2284,-104.072,175,08087,08087
Colorado,Limon,1981,1981,2033.0,-0.0050226,Town,1991,627,3.162,39.2651,-103.686,176,08073,08073
Colorado,Olathe,1926,1926,2015.0,-0.00925926,Town,1944,1282,1.502,38.6084,-107.983,177,08085,08085
Colorado,Center,1919,1919,1931.0,-0.00104112,Town,1921,2221,0.864,37.7512,-106.111,178,08109,08109
Colorado,Hayden,1911,1911,1931.0,-0.00208877,Town,1915,586,3.259,40.4922,-107.264,179,08107,08107
Colorado,Pagosa Springs,1877,1877,1617.0,0.0284931,Town,1825,373,5.033,37.2634,-107.004,180,08007,08007
Colorado,Colorado City,1867,1867,2200.0,-0.0111229,CDP,1888,124,15.008,37.9394,-104.843,181,08055,08055
Colorado,Columbine Valley,1793,1793,1502.0,0.0334294,Town,1735,1826,0.982,39.5996,-105.031,182,08031,08031
Colorado,Deer Trail,1783,1783,1108.0,0.0819175,Town,1648,1417,1.258,39.617,-104.044,183,08001,08001
Colorado,Akron,1776,1776,1765.0,0.00112739,Town,1774,641,2.772,40.1635,-103.22,184,08121,08121
Colorado,Byers,1754,1754,1338.0,0.0233372,CDP,1714,153,11.45,39.7094,-104.213,185,08001,08001
Colorado,Perry Park,1728,1728,1821.0,0.00290191,CDP,1723,202,8.552,39.2605,-104.968,186,08035,08035
Colorado,Crested Butte,1662,1662,1651.0,0.00120482,Town,1660,1917,0.867,38.8678,-106.977,187,08051,08051
Colorado,Idaho Springs,1646,1646,1801.0,-0.0184854,City,1677,690,2.384,39.7493,-105.504,188,08047,08047
Colorado,Hudson,1595,1595,1649.0,-0.00684932,Town,1606,270,5.903,40.0917,-104.594,189,08123,08123
Colorado,Loma,1528,1528,1571.0,0.010582,CDP,1512,140,10.889,39.2075,-108.805,190,08077,08077
Colorado,Poncha Springs,1525,1525,930.0,0.0846373,Town,1406,496,3.076,38.5211,-106.073,191,08015,08015
Colorado,Nederland,1502,1502,1467.0,0.00468227,Town,1495,1015,1.48,39.9638,-105.506,192,08047,08047
Colorado,Fraser,1493,1493,1400.0,0.0128901,Town,1474,432,3.457,39.9233,-105.805,193,08019,08019
Colorado,Indian Hills,1486,1486,1363.0,0.00951087,CDP,1472,274,5.425,39.6299,-105.247,194,08059,08059
Colorado,Kersey,1478,1478,1510.0,-0.00404313,Town,1484,660,2.239,40.3956,-104.578,195,08123,08123
Colorado,Paonia,1464,1464,1451.0,0.00205339,Town,1461,1766,0.829,38.8698,-107.592,196,08029,08029
Colorado,Kremmling,1402,1402,1509.0,-0.0147576,Town,1423,1070,1.31,40.0565,-106.378,197,08049,08049
Colorado,Del Norte,1384,1384,1456.0,-0.0100143,Town,1398,1285,1.077,37.678,-106.353,198,08105,08105
Colorado,Georgetown,1350,1350,1117.0,0.0360706,Town,1303,1350,1.0,39.7179,-105.694,199,08019,08019
Colorado,Parachute,1344,1344,1396.0,-0.00738552,Town,1354,589,2.281,39.4468,-108.052,200,08045,08045
Colorado,Dotsero,1310,1310,950.0,0.0314961,CDP,1270,966,1.356,39.6476,-107.05,201,08037,08037
Colorado,Ridgway,1291,1291,1181.0,0.0173365,Town,1269,699,1.848,38.1572,-107.755,202,08091,08091
Colorado,Aetna Estates,1284,1284,1231.0,0.0239234,CDP,1254,9802,0.131,39.7381,-104.673,203,08031,08031
Colorado,Alamosa East,1284,1284,987.0,-0.00925926,CDP,1296,395,3.254,37.4767,-105.84,204,08003,08003
Colorado,Mancos,1280,1280,1200.0,0.0126582,Town,1264,2006,0.638,37.3466,-108.294,205,08033,08033
Colorado,Ellicott,1276,1276,1012.0,0.00789889,CDP,1266,117,10.922,38.8256,-104.383,206,08041,08041
Colorado,Springfield,1269,1269,1321.0,-0.00781861,Town,1279,1127,1.126,37.4049,-102.619,207,08009,08009
Colorado,Watkins,1239,1239,746.0,0.0717993,CDP,1156,50,24.747,39.6984,-104.577,208,08005,08005
Colorado,Winter Park,1222,1222,1039.0,0.0312236,Town,1185,72,16.889,39.8785,-105.783,209,08019,08019
Colorado,Cascade-Chipita Park,1214,1214,943.0,-0.0233307,CDP,1243,91,13.349,38.9474,-104.998,210,08119,08119
Colorado,Towaoc,1211,1211,1140.0,0.00748752,CDP,1202,338,3.585,37.2126,-108.726,211,08083,08083
Colorado,Mountain Village,1209,1209,1261.0,-0.00820345,Town,1219,366,3.3,37.9324,-107.858,212,08113,08113
Colorado,Julesburg,1200,1200,1295.0,-0.0155865,Town,1219,794,1.512,40.9849,-102.263,213,08115,08115
Colorado,Fowler,1181,1181,1256.0,-0.0125418,Town,1196,2113,0.559,38.1306,-104.026,214,08025,08025
Colorado,Cripple Creek,1092,1092,1154.0,-0.0108696,City,1104,717,1.522,38.7466,-105.185,215,08119,08119
Colorado,Ordway,1086,1086,1056.0,0.00555556,Town,1080,1409,0.771,38.2209,-103.757,216,08025,08025
Colorado,Pierce,1068,1068,1097.0,-0.00558659,Town,1074,575,1.858,40.6476,-104.78,217,08123,08123
Colorado,Howard,1039,1039,769.0,0.0206287,CDP,1018,62,16.741,38.4098,-105.842,218,08043,08043
Colorado,Lazy Acres,1038,1038,1071.0,0.00776699,CDP,1030,196,5.289,40.0856,-105.334,219,08013,08013
Colorado,Aspen Park,1037,1037,1045.0,0.0097371,CDP,1027,421,2.464,39.5427,-105.296,220,08059,08059
Colorado,Gilcrest,1010,1010,1034.0,-0.00492611,Town,1015,1245,0.811,40.2842,-104.782,221,08123,08123
Colorado,Dillon,983,983,1065.0,-0.016016,Town,999,662,1.485,39.6259,-106.044,222,08117,08117
Colorado,Mount Crested Butte,976,976,938.0,0.00826446,Town,968,472,2.068,38.9083,-106.961,223,08097,08097
Colorado,Keystone,974,974,799.0,-0.00713558,CDP,981,24,41.402,39.5739,-105.935,224,08117,08117
Colorado,Manassa,970,970,947.0,0.00518135,Town,965,1042,0.931,37.1738,-105.937,225,08021,08021
Colorado,Haxtun,961,961,981.0,-0.00414508,Town,965,1615,0.595,40.6419,-102.63,226,08095,08095
Colorado,Hotchkiss,959,959,883.0,0.0158898,Town,944,1036,0.926,38.799,-107.713,227,08029,08029
Colorado,Kittredge,950,950,954.0,-0.0246407,CDP,974,504,1.884,39.6594,-105.305,228,08059,08059
Colorado,Dolores,942,942,894.0,0.0107296,Town,932,1254,0.751,37.4746,-108.499,229,08033,08033
Colorado,Ouray,934,934,899.0,0.00755124,City,927,1082,0.863,38.0275,-107.673,230,08091,08091
Colorado,Minturn,921,921,1036.0,-0.0243644,Town,944,115,7.996,39.5357,-106.382,231,08037,08037
Colorado,Log Lane Village,902,902,902.0,0.0,Town,902,4602,0.196,40.2697,-103.829,232,08087,08087
Colorado,Sanford,900,900,879.0,0.00446428,Town,896,616,1.46,37.2574,-105.901,233,08003,08003
Colorado,La Veta,891,891,858.0,0.00791855,Town,884,652,1.367,37.5086,-105.008,234,08055,08055
Colorado,Upper Bear Creek,886,886,799.0,-0.013363,CDP,898,234,3.785,39.6269,-105.41,235,08059,08059
Colorado,Tabernash,884,884,624.0,0.0363423,CDP,853,183,4.832,39.9788,-105.844,236,08049,08049
Colorado,Grand View Estates,853,853,760.0,0.0264741,CDP,831,855,0.998,39.543,-104.823,237,08035,08035
Colorado,Ignacio,841,841,850.0,-0.00237248,Town,843,1643,0.512,37.118,-107.638,238,08067,08067
Colorado,Salt Creek,841,841,726.0,0.0206311,CDP,824,1947,0.432,38.2407,-104.587,239,08101,08101
Colorado,Paragon Estates,839,839,785.0,-0.00710059,CDP,845,501,1.676,39.9808,-105.185,240,08014,08014
Colorado,Oak Creek,838,838,888.0,-0.0117925,Town,848,2271,0.369,40.274,-106.958,241,08107,08107
Colorado,Blue River,836,836,876.0,-0.00947867,Town,844,343,2.434,39.4485,-106.037,242,08117,08117
Colorado,Floyd Hill,820,820,824.0,-0.0144231,CDP,832,130,6.29,39.7197,-105.435,243,08047,08047
Colorado,Holly,808,808,842.0,-0.00858896,Town,815,1107,0.73,38.0556,-102.125,244,08099,08099
Colorado,Bow Mar,803,803,852.0,-0.0123001,Town,813,1213,0.662,39.6266,-105.051,245,08031,08031
Colorado,Williamsburg,787,787,731.0,0.0141753,Town,776,223,3.532,38.384,-105.171,246,08043,08043
Colorado,Central,777,777,779.0,0.0,City,777,328,2.371,39.7928,-105.514,247,08047,08047
Colorado,Hugo,768,768,783.0,-0.00389105,Town,771,842,0.912,39.1362,-103.473,248,08073,08073
Colorado,Silverton,768,768,630.0,0.0378378,Town,740,920,0.835,37.8109,-107.665,249,08111,08111
Colorado,Silver Cliff,767,767,617.0,0.0407056,Town,737,50,15.458,38.1292,-105.399,250,08027,08027
Colorado,Upper Witter Gulch,764,764,725.0,0.0715287,CDP,713,839,0.911,39.6611,-105.427,251,08059,08059
Colorado,Kiowa,744,744,734.0,0.00269542,Town,742,863,0.862,39.3437,-104.458,252,08005,08005
Colorado,Fairplay,742,742,732.0,0.0027027,Town,740,646,1.149,39.2243,-105.998,253,08093,08093
Colorado,Foxfield,722,722,754.0,-0.00824176,Town,728,546,1.323,39.5881,-104.786,254,08035,08035
Colorado,Dove Creek,717,717,634.0,0.0242857,Town,700,1253,0.572,37.7668,-108.907,255,08033,08033
Colorado,Loghill Village,711,711,707.0,0.0186246,CDP,698,114,6.213,38.1994,-107.775,256,08091,08091
Colorado,La Jara,708,708,728.0,-0.00561798,Town,712,1735,0.408,37.2735,-105.96,257,08021,08021
Colorado,Calhan,704,704,758.0,-0.0153846,Town,715,845,0.833,39.0344,-104.299,258,08041,08041
Colorado,Cheyenne Wells,700,700,754.0,-0.0154712,Town,711,654,1.07,38.8192,-102.352,259,08017,08017
Colorado,Brook Forest,669,669,479.0,0.0721154,CDP,624,482,1.389,39.5739,-105.394,260,08059,08059
Colorado,Beulah Valley,665,665,505.0,0.0106383,CDP,658,259,2.572,38.0727,-104.982,261,08055,08055
Colorado,Pine Valley,658,658,343.0,0.0716612,CDP,614,800,0.823,39.6909,-105.413,262,08059,08059
Colorado,Allenspark,646,646,464.0,0.0125392,CDP,638,54,11.938,40.2313,-105.518,263,08013,08013
Colorado,Hot Sulphur Springs,646,646,686.0,-0.0122324,Town,654,840,0.769,40.0749,-106.103,264,08049,08049
Colorado,Stratton,638,638,657.0,-0.00623053,Town,642,1241,0.514,39.3029,-102.603,265,08063,08063
Colorado,San Luis,635,635,602.0,0.0111465,Town,628,1120,0.567,37.2024,-105.423,266,08023,08023
Colorado,Mulford,630,630,512.0,0.05,CDP,600,943,0.668,39.4064,-107.166,267,08097,08097
Colorado,Simla,629,629,606.0,0.00801282,Town,624,1021,0.616,39.1407,-104.082,268,08039,08039
Colorado,Fort Garland,619,619,607.0,0.0197694,CDP,607,1646,0.376,37.4279,-105.435,269,08023,08023
Colorado,Antonito,610,610,639.0,-0.00974026,Town,616,1429,0.427,37.0762,-106.01,270,08021,08021
Colorado,Blende,609,609,802.0,-0.0287081,CDP,627,726,0.839,38.2498,-104.569,271,08101,08101
Colorado,Eads,607,607,679.0,-0.0225443,Town,621,1229,0.494,38.4816,-102.78,272,08061,08061
Colorado,Green Mountain Falls,583,583,647.0,-0.0218121,Town,596,503,1.159,38.935,-105.02,273,08119,08119
Colorado,Swink,581,581,601.0,-0.00683761,Town,585,2075,0.28,38.0141,-103.628,274,08089,08089
Colorado,Flagler,580,580,562.0,0.00694444,Town,576,407,1.426,39.2966,-103.065,275,08063,08063
Colorado,Nucla,578,578,590.0,-0.00344827,Town,580,833,0.694,38.2667,-108.549,276,08085,08085
Colorado,Comanche Creek,570,570,426.0,0.0233393,CDP,557,26,21.692,39.6061,-104.336,277,08005,08005
Colorado,Sugarloaf,561,561,262.0,0.0369686,CDP,541,258,2.178,40.0189,-105.408,278,08013,08013
Colorado,Nunn,550,550,502.0,0.0185185,Town,540,138,3.979,40.7137,-104.789,279,08123,08123
Colorado,Downieville-Lawson-Dumont,549,549,487.0,-0.00543478,CDP,552,706,0.778,39.7666,-105.607,280,08019,08019
Colorado,Walden,549,549,606.0,-0.0196429,Town,560,1639,0.335,40.7316,-106.281,281,08057,08057
Colorado,Rockvale,546,546,513.0,0.012987,Town,539,266,2.053,38.3644,-105.165,282,08027,08027
Colorado,Westcliffe,541,541,425.0,0.0444015,Town,518,438,1.235,38.1342,-105.465,283,08027,08027
Colorado,Altona,538,538,479.0,0.00373134,CDP,536,319,1.686,40.1219,-105.296,284,08013,08013
Colorado,Saguache,529,529,538.0,-0.00376648,Town,531,1343,0.394,38.0863,-106.141,285,08109,08109
Colorado,Norwood,526,526,533.0,-0.00189753,Town,527,1507,0.349,38.1284,-108.292,286,08085,08085
Colorado,Otis,526,526,513.0,0.00573614,Town,523,1274,0.413,40.1501,-102.962,287,08121,08121
Colorado,Cattle Creek,512,512,653.0,-0.0172745,CDP,521,395,1.295,39.4666,-107.26,288,08097,08097
Colorado,Mountain View,507,507,537.0,-0.0116959,Town,513,5452,0.093,39.7748,-105.057,289,08031,08031
Colorado,South Fork,503,503,512.0,-0.0039604,Town,505,198,2.543,37.6692,-106.643,290,08105,08105
Colorado,Walsh,494,494,538.0,-0.0178926,Town,503,1105,0.447,37.3861,-102.28,291,08009,08009
Colorado,St. Ann Highlands,493,493,486.0,0.0292276,CDP,479,354,1.391,39.9873,-105.456,292,08047,08047
Colorado,Naturita,470,470,480.0,-0.00423729,Town,472,764,0.615,38.2183,-108.567,293,08085,08085
Colorado,De Beque,468,468,490.0,-0.00847458,Town,472,169,2.777,39.31,-108.205,294,08077,08077
Colorado,Tall Timber,460,460,295.0,0.036036,CDP,444,801,0.574,40.0151,-105.35,295,08013,08013
Colorado,Chacra,453,453,357.0,0.0202703,CDP,444,479,0.946,39.5784,-107.455,296,08045,08045
Colorado,Echo Hills,453,453,414.0,0.0734597,CDP,422,798,0.568,39.6747,-105.413,297,08059,08059
Colorado,Red Feather Lakes,449,449,591.0,0.0158371,CDP,442,49,9.116,40.8095,-105.579,298,08069,08069
Colorado,North La Junta,448,448,382.0,-0.00884956,CDP,452,329,1.36,37.9996,-103.523,299,08089,08089
Colorado,Aguilar,445,445,454.0,-0.00447427,Town,447,1135,0.392,37.4036,-104.655,300,08055,08055
Colorado,Vineland,442,442,339.0,0.027907,CDP,430,781,0.566,38.2447,-104.46,301,08101,08101
Colorado,Eldora,441,441,352.0,0.0475059,CDP,421,106,4.156,39.9583,-105.585,302,08047,08047
Colorado,Placerville,434,434,360.0,0.0716049,CDP,405,562,0.772,38.0053,-108.04,303,08113,08113
Colorado,Granada,432,432,446.0,-0.00689655,Town,435,631,0.685,38.063,-102.312,304,08099,08099
Colorado,Phippsburg,431,431,207.0,0.0721393,CDP,402,363,1.186,40.2301,-106.951,305,08107,08107
Colorado,Wiley,425,425,442.0,-0.00700935,Town,428,1269,0.335,38.1548,-102.719,306,08061,08061
Colorado,Fleming,417,417,429.0,-0.00477327,Town,419,853,0.489,40.6821,-102.84,307,08075,08075
Colorado,Lake City,417,417,437.0,-0.00950119,Town,421,504,0.828,38.0216,-107.311,308,08053,08053
Colorado,Crawford,413,413,398.0,0.00731707,Town,410,1645,0.251,38.705,-107.61,309,08085,08085
Colorado,Coaldale,410,410,462.0,0.025,CDP,400,13,31.047,38.3557,-105.813,310,08043,08043
Colorado,Arboles,409,409,410.0,0.0225,CDP,400,79,5.155,37.0209,-107.422,311,08067,08067
Colorado,Pine Brook Hill,406,406,776.0,-0.0855856,CDP,444,134,3.027,40.0384,-105.308,312,08013,08013
Colorado,Grand Lake,401,401,410.0,-0.00496278,Town,403,389,1.032,40.2559,-105.829,313,08049,08049
Colorado,Twin Lakes,392,392,182.0,0.037037,CDP,378,58,6.735,39.1037,-106.319,314,08065,08065
Colorado,Yampa,390,390,399.0,-0.00510204,Town,392,1585,0.246,40.153,-106.909,315,08107,08107
Colorado,Morrison,381,381,398.0,-0.0078125,Town,384,232,1.645,39.6364,-105.206,316,08059,08059
Colorado,Redvale,377,377,318.0,0.0244565,CDP,368,81,4.68,38.1761,-108.413,317,08085,08085
Colorado,Coal Creek,371,371,360.0,0.00542005,Town,369,311,1.194,38.3622,-105.142,318,08027,08027
Colorado,Collbran,363,363,370.0,-0.00274725,Town,364,651,0.558,39.24,-107.964,319,08077,08077
Colorado,Rico,357,357,294.0,0.0377907,Town,344,527,0.678,37.6891,-108.032,320,08113,08113
Colorado,Victor,354,354,379.0,-0.0139276,City,359,1233,0.287,38.7087,-105.142,321,08119,08119
Colorado,Idledale,348,348,292.0,0.0175439,CDP,342,1256,0.277,39.6689,-105.243,322,08059,08059
Colorado,Blanca,344,344,323.0,0.0117647,Town,340,188,1.833,37.4393,-105.514,323,08023,08023
Colorado,Franktown,340,340,214.0,-0.0116279,CDP,344,115,2.944,39.39,-104.742,324,08035,08035
Colorado,Gerrard,337,337,271.0,0.012012,CDP,333,281,1.198,37.6783,-106.575,325,08105,08105
Colorado,Johnson Village,331,331,489.0,0.0184615,CDP,325,1107,0.299,38.8119,-106.107,326,08015,08015
Colorado,Capulin,326,326,164.0,0.0251572,CDP,318,344,0.947,37.2819,-106.105,327,08021,08021
Colorado,Manzanola,324,324,338.0,-0.00917431,Town,327,1141,0.284,38.1088,-103.867,328,08025,08025
Colorado,Alma,323,323,295.0,0.0189274,Town,317,744,0.434,39.2861,-106.069,329,08065,08065
Colorado,Westcreek,319,319,273.0,0.0424837,CDP,306,262,1.216,39.1489,-105.162,330,08119,08119
Colorado,Empire,318,318,340.0,-0.0124224,Town,322,1182,0.269,39.7594,-105.682,331,08019,08019
Colorado,Romeo,312,312,299.0,0.00970874,Town,309,1339,0.233,37.1718,-105.985,332,08021,08021
Colorado,Boone,310,310,307.0,0.00323624,Town,309,818,0.379,38.2506,-104.261,333,08101,08101
Colorado,Hillrose,307,307,312.0,-0.00324675,Town,308,1624,0.189,40.3245,-103.522,334,08087,08087
Colorado,No Name,306,306,267.0,0.0443686,CDP,293,1709,0.179,39.5597,-107.293,335,08097,08097
Colorado,Avondale,305,305,588.0,-0.0757576,CDP,330,486,0.628,38.2352,-104.348,336,08101,08101
Colorado,Morgan Heights,295,295,227.0,0.00682594,CDP,293,1035,0.285,40.2875,-103.827,337,08087,08087
Colorado,City Creede,288,288,262.0,0.0176678,Town,283,304,0.947,37.8486,-106.925,338,08079,08079
Colorado,Olney Springs,285,285,307.0,-0.0138408,Town,289,1183,0.241,38.1663,-103.944,339,08025,08025
Colorado,Crisman,284,284,51.0,0.0252708,CDP,277,195,1.457,40.0434,-105.372,340,08013,08013
Colorado,Merino,280,280,285.0,-0.00355872,Town,281,1842,0.152,40.4837,-103.354,341,08075,08075
Colorado,Midland,280,280,269.0,0.0294118,CDP,272,163,1.721,38.8463,-105.152,342,08119,08119
Colorado,Catherine,278,278,219.0,0.0109091,CDP,275,324,0.858,39.4038,-107.145,343,08097,08097
Colorado,Jansen,266,266,224.0,0.0390625,CDP,256,227,1.172,37.1582,-104.55,344,08071,08071
Colorado,Louviers,265,265,381.0,-0.0037594,CDP,266,168,1.58,39.4799,-105.003,345,08035,08035
Colorado,Ovid,261,261,271.0,-0.00760456,Town,263,1673,0.156,40.9608,-102.388,346,08115,08115
Colorado,Copper Mountain,260,260,455.0,-0.0298507,CDP,268,8,32.058,39.4769,-106.201,347,08117,08117
Colorado,Gold Hill,254,254,195.0,0.00793651,CDP,252,122,2.076,40.0597,-105.419,348,08013,08013
Colorado,Garden City,248,248,252.0,-0.00401606,Town,249,2195,0.113,40.3946,-104.689,349,08123,08123
Colorado,Brookside,247,247,236.0,0.00816326,Town,245,521,0.474,38.4135,-105.191,350,08043,08043
Colorado,Dinosaur,247,247,244.0,0.00406504,Town,246,266,0.93,40.2399,-109.007,351,08103,08103
Colorado,Kit Carson,244,244,259.0,-0.0121457,Town,247,413,0.591,38.7628,-102.795,352,08017,08017
Colorado,Jamestown,238,238,255.0,-0.0124481,Town,241,415,0.574,40.123,-105.393,353,08013,08013
Colorado,Sugar City,238,238,255.0,-0.0124481,Town,241,618,0.385,38.2328,-103.663,354,08025,08025
Colorado,Iliff,237,237,246.0,-0.0083682,Town,239,1241,0.191,40.7592,-103.066,355,08075,08075
Colorado,Red Cliff,233,233,258.0,-0.0210084,Town,238,955,0.244,39.5093,-106.37,356,08065,08065
Colorado,Woody Creek,231,231,212.0,-0.00858369,CDP,233,377,0.613,39.2709,-106.888,357,08097,08097
Colorado,Alpine,230,230,202.0,0.0176991,CDP,226,219,1.051,37.6878,-106.586,358,08105,08105
Colorado,Eckley,230,230,229.0,0.0,Town,230,486,0.473,40.1124,-102.488,359,08125,08125
Colorado,Cheraw,229,229,238.0,-0.00865801,Town,231,1272,0.18,38.1077,-103.511,360,08089,08089
Colorado,Larkspur,226,226,208.0,0.018018,Town,222,142,1.59,39.2296,-104.886,361,08035,08035
Colorado,El Moro,220,220,380.0,0.0,CDP,220,20,11.091,37.2466,-104.453,362,08071,08071
Colorado,Redstone,220,220,43.0,0.0280374,CDP,214,502,0.438,39.1803,-107.238,363,08097,08097
Colorado,Segundo,215,215,85.0,0.0696517,CDP,201,310,0.694,37.1225,-104.74,364,08055,08055
Colorado,Blue Valley,214,214,263.0,0.07,CDP,200,203,1.052,39.6997,-105.492,365,08019,08019
Colorado,St. Mary's,214,214,416.0,-0.0228311,CDP,219,149,1.438,39.8165,-105.647,366,08019,08019
Colorado,Eldorado Springs,209,209,325.0,-0.106838,CDP,234,81,2.584,39.9393,-105.249,367,08014,08014
Colorado,Goldfield,208,208,62.0,0.0721649,CDP,194,1475,0.141,38.7176,-105.125,368,08119,08119
Colorado,Sunshine,208,208,145.0,-0.00478469,CDP,209,120,1.73,40.0636,-105.37,369,08013,08013
Colorado,Peetz,200,200,212.0,-0.00990099,Town,202,897,0.223,40.9618,-103.114,370,08075,08075
Colorado,Rye,200,200,207.0,-0.00497512,Town,201,2128,0.094,37.9213,-104.932,371,08055,08055
Colorado,Arriba,199,199,203.0,-0.005,Town,200,399,0.499,39.2843,-103.274,372,08073,08073
Colorado,Elbert,196,196,220.0,-0.010101,CDP,198,414,0.474,39.2189,-104.54,373,08041,08041
Colorado,Rollinsville,191,191,375.0,0.00526316,CDP,190,135,1.412,39.9232,-105.514,374,08047,08047
Colorado,Florissant,190,190,172.0,0.0326087,CDP,184,368,0.516,38.9446,-105.29,375,08119,08119
Colorado,Ophir,186,186,196.0,-0.0106383,Town,188,791,0.235,37.8568,-107.831,376,08113,08113
Colorado,Silver Plume,186,186,205.0,-0.0210526,Town,190,721,0.258,39.6954,-105.727,377,08019,08019
Colorado,Nathrop,185,185,240.0,0.0693642,CDP,173,256,0.723,38.7487,-106.076,378,08015,08015
Colorado,Bethune,181,181,181.0,0.0,Town,181,1117,0.162,39.3038,-102.423,379,08063,08063
Colorado,Lazear,178,178,245.0,0.0722892,CDP,166,111,1.602,38.7788,-107.78,380,08029,08029
Colorado,Seibert,178,178,173.0,0.00564972,Town,177,519,0.343,39.298,-102.87,381,08063,08063
Colorado,Maysville,176,176,101.0,0.0114943,CDP,174,14,12.42,38.526,-106.219,382,08015,08015
Colorado,Rock Creek Park,176,176,80.0,0.0731707,CDP,164,662,0.266,38.7011,-104.835,383,08119,08119
Colorado,North Washington,169,169,663.0,-0.110526,CDP,190,33,5.196,39.8078,-104.98,384,08031,08031
Colorado,Jackson Lake,168,168,138.0,0.00598802,CDP,167,55,3.06,40.3701,-104.059,385,08087,08087
Colorado,Sedgwick,163,163,173.0,-0.0121212,Town,165,419,0.389,40.9355,-102.526,386,08115,08115
Colorado,Briggsdale,155,155,323.0,0.0689655,CDP,145,354,0.438,40.636,-104.324,387,08123,08123
Colorado,Mountain Meadows,155,155,174.0,-0.0490798,CDP,163,90,1.723,40.027,-105.383,388,08013,08013
Colorado,Crowley,153,153,167.0,-0.0192308,Town,156,680,0.225,38.1935,-103.86,389,08025,08025
Colorado,Genoa,152,152,154.0,0.0,Town,152,490,0.31,39.2782,-103.499,390,08073,08073
Colorado,Grover,151,151,155.0,-0.00657895,Town,152,254,0.595,40.8691,-104.226,391,08123,08123
Colorado,Joes,151,151,84.0,0.070922,CDP,141,203,0.745,39.6596,-102.678,392,08063,08063
Colorado,Atwood,147,147,155.0,0.00684932,CDP,146,142,1.034,40.5505,-103.275,393,08075,08075
Colorado,Divide,143,143,127.0,0.00704225,CDP,142,426,0.336,38.945,-105.162,394,08119,08119
Colorado,Crestone,139,139,139.0,0.0,Town,139,361,0.385,37.9945,-105.696,395,08027,08027
Colorado,Seven Hills,136,136,127.0,0.00740741,CDP,135,278,0.489,40.0337,-105.331,396,08013,08013
Colorado,Bonanza Mountain Estates,134,134,174.0,0.0,CDP,134,798,0.168,39.9769,-105.48,397,08047,08047
Colorado,Marble,133,133,130.0,0.00757576,Town,132,369,0.36,39.0717,-107.191,398,08097,08097
Colorado,Black Hawk,128,128,128.0,0.0,City,128,42,3.062,39.8017,-105.493,399,08047,08047
Colorado,Cokedale,127,127,126.0,0.0,Town,127,620,0.205,37.1442,-104.622,400,08071,08071
Colorado,La Junta Gardens,127,127,168.0,-0.0078125,CDP,128,238,0.533,38.0014,-103.555,401,08089,08089
Colorado,Southern Ute,126,126,199.0,-0.0232558,CDP,129,8,15.959,37.0749,-107.593,402,08067,08067
Colorado,Blue Sky,123,123,98.0,0.0789474,CDP,114,3417,0.036,40.3001,-103.806,403,08087,08087
Colorado,Ward,123,123,130.0,-0.00806452,Town,124,229,0.536,40.073,-105.515,404,08013,08013
Colorado,Crook,121,121,130.0,-0.0162602,Town,123,896,0.135,40.8588,-102.801,405,08075,08075
Colorado,Stonewall Gap,119,119,37.0,0.0720721,CDP,111,62,1.92,37.1605,-105.034,406,08023,08023
Colorado,Weldona,118,118,188.0,-0.00840336,CDP,119,752,0.157,40.3484,-103.969,407,08087,08087
Colorado,McClave,116,116,103.0,0.0740741,CDP,108,61,1.914,38.1315,-102.85,408,08011,08011
Colorado,Hoehne,115,115,125.0,0.00877193,CDP,114,37,3.106,37.2814,-104.389,409,08071,08071
Colorado,Marvel,115,115,71.0,0.0747664,CDP,107,865,0.133,37.1112,-108.126,410,08067,08067
Colorado,Portland,114,114,126.0,-0.00869565,CDP,115,36,3.202,38.0892,-107.695,411,08091,08091
Colorado,Colona,111,111,42.0,0.0673077,CDP,104,1820,0.061,38.3275,-107.779,412,08085,08085
Colorado,Lewis,111,111,186.0,-0.104839,CDP,124,36,3.111,37.5017,-108.66,413,08033,08033
Colorado,Raymer (New Raymer),111,111,111.0,0.0,Town,111,142,0.784,40.608,-103.844,414,08087,08087
Colorado,Bark Ranch,108,108,107.0,-0.0608696,CDP,115,125,0.862,40.1178,-105.441,415,08013,08013
Colorado,Orchard,108,108,111.0,0.08,CDP,100,675,0.16,40.332,-104.118,416,08087,08087
Colorado,Moffat,106,106,108.0,0.0,Town,106,50,2.122,38.0057,-105.91,417,08109,08109
Colorado,Pritchett,104,104,114.0,-0.0188679,Town,106,446,0.233,37.37,-102.859,418,08009,08009
Colorado,Trail Side,104,104,138.0,0.0721649,CDP,97,145,0.717,40.249,-103.843,419,08087,08087
Colorado,Ramah,102,102,111.0,-0.0192308,Town,104,402,0.254,39.1214,-104.167,420,08039,08039
Colorado,Valmont,101,101,98.0,0.0744681,CDP,94,391,0.258,40.0336,-105.208,421,08014,08014
Colorado,Smeltertown,100,100,72.0,-0.00990099,CDP,101,685,0.146,38.5523,-106.008,422,08015,08015
Colorado,Snyder,99,99,152.0,-0.0294118,CDP,102,280,0.354,40.3308,-103.592,423,08087,08087
Colorado,Amherst,96,96,154.0,0.0666667,CDP,90,211,0.454,40.6832,-102.173,424,08095,08095
Colorado,Idalia,96,96,50.0,0.0666667,CDP,90,1055,0.091,39.703,-102.294,425,08125,08125
Colorado,Kirk,94,94,81.0,0.0681818,CDP,88,603,0.156,39.6145,-102.591,426,08063,08063
Colorado,Campo,93,93,102.0,-0.0210526,Town,95,646,0.144,37.1047,-102.579,427,08009,08009
Colorado,Vilas,90,90,99.0,-0.0217391,Town,92,703,0.128,37.3737,-102.447,428,08009,08009
Colorado,Vona,88,88,92.0,-0.011236,Town,89,398,0.221,39.3021,-102.743,429,08063,08063
Colorado,Glendale,85,85,109.0,0.0759494,CDP,79,68,1.255,40.0869,-105.372,430,08013,08013
Colorado,Brick Center,83,83,134.0,-0.0235294,CDP,85,14,5.778,39.5912,-104.461,431,08005,08005
Colorado,Heeney,82,82,65.0,0.0649351,CDP,77,361,0.227,39.874,-106.304,432,08049,08049
Colorado,Hasty,79,79,161.0,-0.0481928,CDP,83,29,2.753,38.1023,-102.97,433,08011,08011
Colorado,Hooper,79,79,79.0,0.0,Town,79,313,0.252,37.746,-105.878,434,08003,08003
Colorado,East Pleasant View,78,78,128.0,-0.195876,CDP,97,703,0.111,39.7277,-105.157,435,08031,08031
Colorado,Somerset,76,76,90.0,0.0704225,CDP,71,400,0.19,38.9288,-107.465,436,08029,08029
Colorado,Pitkin,73,73,77.0,-0.0135135,Town,74,283,0.258,38.6087,-106.515,437,08015,08015
Colorado,Gardner,71,71,82.0,0.0757576,CDP,66,29,2.472,37.7889,-105.164,438,08055,08055
Colorado,San Acacio,71,71,135.0,0.0757576,CDP,66,56,1.257,37.2086,-105.567,439,08023,08023
Colorado,Haswell,69,69,71.0,0.0,Town,69,86,0.803,38.4525,-103.165,440,08061,08061
Colorado,Montezuma,69,69,76.0,-0.0142857,Town,70,873,0.079,39.5815,-105.868,441,08117,08117
Colorado,Parshall,66,66,23.0,0.0645161,CDP,62,221,0.299,40.0556,-106.176,442,08049,08049
Colorado,Saddle Ridge,66,66,51.0,0.0645161,CDP,62,379,0.174,40.3131,-103.802,443,08087,08087
Colorado,Starkville,64,64,66.0,0.0,Town,64,877,0.073,37.1168,-104.523,444,08071,08071
Colorado,Kim,63,63,62.0,0.0,Town,63,166,0.379,37.2471,-103.353,445,08071,08071
Colorado,Branson,58,58,55.0,0.0175439,Town,57,237,0.245,37.0155,-103.884,446,08071,08071
Colorado,Cope,58,58,50.0,0.0740741,CDP,54,32,1.796,39.6642,-102.845,447,08063,08063
Colorado,Sheridan Lake,54,54,54.0,0.0,Town,54,174,0.311,38.4667,-102.294,448,08099,08099
Colorado,Hartman,52,52,56.0,-0.0188679,Town,53,190,0.274,38.1211,-102.222,449,08099,08099
Colorado,Peoria,52,52,91.0,-0.118644,CDP,59,4,13.765,39.6533,-104.137,450,08001,08001
Colorado,Piedra,50,50,18.0,0.0638298,CDP,47,4,11.621,37.4418,-107.168,451,08007,08007
Colorado,Paoli,47,47,49.0,0.0,Town,47,159,0.296,40.6128,-102.472,452,08095,08095
Colorado,Padroni,41,41,63.0,0.0789474,CDP,38,51,0.811,40.7818,-103.173,453,08075,08075
Colorado,Weston,39,39,16.0,0.0833333,CDP,36,13,3.099,37.1459,-104.868,454,08023,08023
Colorado,Guffey,36,36,,0.0588235,CDP,34,4,8.674,38.7607,-105.51,455,08043,08043
Colorado,Hidden Lake,36,36,30.0,0.0588235,CDP,34,59,0.611,40.1052,-105.478,456,08013,08013
Colorado,Matheson,35,35,21.0,0.0606061,CDP,33,20,1.716,39.1683,-103.977,457,08039,08039
Colorado,Brandon,34,34,3.0,0.0625,CDP,32,291,0.117,38.4464,-102.441,458,08061,08061
Colorado,Sawpit,33,33,37.0,-0.0294118,Town,34,1100,0.03,37.9947,-108.002,459,08113,08113
Colorado,Two Buttes,30,30,34.0,-0.0322581,Town,31,121,0.248,37.5607,-102.397,460,08009,08009
Colorado,Arapahoe,26,26,56.0,0.0833333,CDP,24,94,0.277,38.8529,-102.179,461,08017,08017
Colorado,Maybell,26,26,36.0,0.0833333,CDP,24,50,0.525,40.5188,-108.088,462,08081,08081
Colorado,Cotopaxi,22,22,34.0,0.047619,CDP,21,76,0.29,38.3728,-105.686,463,08043,08043
Colorado,Cathedral,20,20,11.0,0.0526316,CDP,19,1,21.279,38.0836,-107.031,464,08053,08053
Colorado,Lakeside,15,15,17.0,0.0,Town,15,80,0.188,39.7791,-105.058,465,08031,08031
Colorado,Valdez,15,15,,0.0714286,CDP,14,9,1.608,37.1258,-104.673,466,08055,08055
Colorado,Lynn,13,13,44.0,0.0833333,CDP,12,18,0.717,37.4219,-104.643,467,08055,08055
Colorado,Towner,13,13,26.0,0.0833333,CDP,12,351,0.037,38.4704,-102.08,468,08099,08099
Colorado,Laird,6,6,24.0,0.0,CDP,6,40,0.15,40.0818,-102.102,469,08125,08125
Colorado,Carbonate,0,0,0.0,,Town,0,0,0.992,39.7465,-107.34,470,08045,08045
