state,city,population,pop2025,pop2020,growth,type,pop2024,densityMi,areaMi,lat,lng,rank,fips_code,geo_id
New Hampshire,Manchester,114888,114888,115508,-0.00254382,City,115181,3474,33.069,42.9849,-71.4441,1,33011,33011
New Hampshire,Nashua,90343,90343,91199,-0.00363945,City,90673,2930,30.834,42.7491,-71.4905,2,33011,33011
New Hampshire,Concord,44909,44909,44040,0.00312716,City,44769,702,63.963,43.2325,-71.5612,3,33013,33013
New Hampshire,Rochester,34305,34305,32517,0.0115888,City,33912,762,45.021,43.2985,-70.977,4,33017,33017
New Hampshire,Derry,33908,33908,34307,-0.00498855,Town,34078,956,35.474,42.8876,-71.282,5,33015,33015
New Hampshire,Dover,33705,33705,32776,0.0032743,City,33595,1261,26.729,43.1864,-70.8836,6,33017,33017
New Hampshire,Salem,33283,33283,30281,0.0267461,Town,32416,1340,24.84,42.7883,-71.2217,7,33015,33015
New Hampshire,Merrimack,29580,29580,26835,0.0113512,Town,29248,908,32.592,42.852,-71.5199,8,33011,33011
New Hampshire,Londonderry,27004,27004,25870,0.00551087,Town,26856,643,41.997,42.8798,-71.3923,9,33011,33011
New Hampshire,Hudson,25639,25639,25366,0.000858804,Town,25617,907,28.282,42.7605,-71.4094,10,33011,33011
New Hampshire,Bedford,23660,23660,23383,-0.00219298,Town,23712,722,32.78,42.9356,-71.5369,11,33011,33011
New Hampshire,Keene,22893,22893,23051,-0.000523903,City,22905,617,37.092,42.9538,-72.3069,12,33005,33005
New Hampshire,Portsmouth,22827,22827,21992,0.00206321,City,22780,1458,15.661,43.0606,-70.7803,13,33017,33017
New Hampshire,Goffstown,18477,18477,18564,-0.00140518,Town,18503,499,37.008,43.0192,-71.5554,14,33011,33011
New Hampshire,Laconia,17290,17290,16883,0.00429833,City,17216,872,19.838,43.5765,-71.4823,15,33001,33001
New Hampshire,Milford,16508,16508,16133,0.0026725,Town,16464,650,25.411,42.8186,-71.6734,16,33011,33011
New Hampshire,Hampton,16298,16298,16234,-0.00385062,Town,16361,1262,12.911,42.9391,-70.8343,17,33015,33015
New Hampshire,Exeter,16098,16098,16043,-0.00229315,Town,16135,821,19.603,42.9885,-70.9615,18,33015,33015
New Hampshire,Windham,16086,16086,15836,0.0,Town,16086,601,26.744,42.8111,-71.3027,19,33015,33015
New Hampshire,Lebanon,15988,15988,14298,0.0206192,City,15665,397,40.305,43.6354,-72.2538,20,33009,33009
New Hampshire,Hooksett,15434,15434,14917,0.00396799,Town,15373,428,36.056,43.0812,-71.4466,21,33013,33013
New Hampshire,Durham,14917,14917,15554,-0.000134057,Town,14919,666,22.413,43.1171,-70.9188,22,33017,33017
New Hampshire,Pelham,14577,14577,14237,0.00220007,Town,14545,553,26.343,42.731,-71.3371,23,33015,33015
New Hampshire,Claremont,13041,13041,12950,-0.00267666,City,13076,302,43.153,43.3865,-72.3345,24,33005,33005
New Hampshire,Somersworth,12286,12286,11929,0.00384018,City,12239,1254,9.801,43.2535,-70.8879,25,33017,33017
New Hampshire,Hanover,12083,12083,11886,-0.00518689,Town,12146,246,49.028,43.721,-72.1852,26,33009,33009
New Hampshire,Amherst,11843,11843,11752,-0.00151758,Town,11861,349,33.906,42.8748,-71.6005,27,33011,33011
New Hampshire,Raymond,10942,10942,10702,-0.00136899,Town,10957,380,28.818,43.0326,-71.2031,28,33015,33015
New Hampshire,Conway,10391,10391,9848,0.0049323,Town,10340,150,69.482,44.0058,-71.0652,29,33003,33003
New Hampshire,Barrington,9654,9654,9320,0.00520616,Town,9604,207,46.653,43.2156,-71.039,30,33017,33017
New Hampshire,Newmarket,9571,9571,9424,0.0048294,Town,9525,760,12.593,43.0709,-70.9469,31,33015,33015
New Hampshire,Berlin,9317,9317,9406,-0.00756285,City,9388,152,61.349,44.4843,-71.2771,32,33007,33007
New Hampshire,Weare,9189,9189,9083,-0.000435113,Town,9193,156,59.067,43.0783,-71.7035,33,33011,33011
New Hampshire,Hampstead,9113,9113,9004,-0.000877096,Town,9121,679,13.42,42.8811,-71.1719,34,33015,33015
New Hampshire,Hollis,8783,8783,8364,0.0034274,Town,8753,277,31.729,42.7496,-71.5854,35,33011,33011
New Hampshire,Franklin,8770,8770,8745,-0.00113895,City,8780,320,27.433,43.4539,-71.6699,36,33013,33013
New Hampshire,Litchfield,8480,8480,8473,-0.00141309,Town,8492,568,14.924,42.8461,-71.4683,37,33011,33011
New Hampshire,Bow,8401,8401,8247,0.000714711,Town,8395,298,28.171,43.1332,-71.5372,38,33013,33013
New Hampshire,Seabrook,8355,8355,8407,-0.00345897,Town,8384,931,8.977,42.8831,-70.8608,39,33015,33015
New Hampshire,Gilford,7921,7921,7711,0.00291213,Town,7898,204,38.786,43.5195,-71.3758,40,33001,33001
New Hampshire,Epping,7783,7783,7151,0.0147327,Town,7670,299,26.027,43.051,-71.0883,41,33015,33015
New Hampshire,Plaistow,7764,7764,7833,-0.00436009,Town,7798,733,10.591,42.8456,-71.0933,42,33015,33015
New Hampshire,Stratham,7672,7672,7695,-0.00570244,Town,7716,506,15.148,43.015,-70.9026,43,33015,33015
New Hampshire,Pembroke,7623,7623,7206,0.0064695,Town,7574,337,22.635,43.1677,-71.4385,44,33013,33013
New Hampshire,Belmont,7442,7442,7317,0.00107614,Town,7434,249,29.943,43.4745,-71.4822,45,33001,33001
New Hampshire,Swanzey,7432,7432,7281,0.000269179,Town,7430,165,44.975,42.8583,-72.2964,46,33005,33005
New Hampshire,Atkinson,7410,7410,7097,0.00392901,Town,7381,664,11.156,42.8391,-71.1672,47,33015,33015
New Hampshire,Meredith,6887,6887,6672,0.00790282,Town,6833,172,40.075,43.6312,-71.4986,48,33001,33001
New Hampshire,Farmington,6850,6850,6711,0.000584282,Town,6846,187,36.587,43.3669,-71.0625,49,33017,33017
New Hampshire,Rindge,6795,6795,6492,0.0149365,Town,6695,183,37.106,42.7567,-72.0132,50,33005,33005
New Hampshire,Sandown,6722,6722,6551,0.00478326,Town,6690,482,13.934,42.934,-71.1836,51,33015,33015
New Hampshire,Wolfeboro,6661,6661,6430,0.00331375,Town,6639,139,47.951,43.6144,-71.1692,52,33003,33003
New Hampshire,Plymouth,6566,6566,6705,-0.00424628,Town,6594,234,28.101,43.7439,-71.7267,53,33009,33009
New Hampshire,Peterborough,6520,6520,6414,0.0015361,Town,6510,171,38.02,42.8901,-71.9412,54,33011,33011
New Hampshire,Newport,6452,6452,6303,0.00326543,Town,6431,148,43.572,43.3713,-72.2028,55,33005,33005
New Hampshire,Auburn,6269,6269,5958,0.00787781,Town,6220,247,25.35,42.9971,-71.3658,56,33015,33015
New Hampshire,Henniker,6264,6264,6197,0.00256082,Town,6248,142,44.119,43.1694,-71.8312,57,33013,33013
New Hampshire,Kingston,6246,6246,6202,-0.00430416,Town,6273,316,19.794,42.9137,-71.0736,58,33015,33015
New Hampshire,New Boston,6216,6216,6113,0.00274238,Town,6199,145,42.815,42.9812,-71.6775,59,33011,33011
New Hampshire,Hopkinton,6206,6206,5926,0.00959818,Town,6147,143,43.296,43.2022,-71.6968,60,33013,33013
New Hampshire,Alton,6086,6086,5898,0.00362797,Town,6064,96,63.697,43.4883,-71.2406,61,33001,33001
New Hampshire,Hillsborough,5996,5996,5943,0.00100167,Town,5990,137,43.701,43.1467,-71.951,62,33013,33013
New Hampshire,Littleton,5942,5942,6003,-0.00784772,Town,5989,119,49.958,44.3433,-71.7951,63,33009,33009
New Hampshire,Brookline,5813,5813,5646,0.00345244,Town,5793,293,19.835,42.7493,-71.6757,64,33011,33011
New Hampshire,Loudon,5758,5758,5592,0.00296116,Town,5741,125,46.158,43.3081,-71.4491,65,33013,33013
New Hampshire,Rye,5567,5567,5544,-0.00340136,Town,5586,440,12.638,43.0335,-70.7192,66,33017,33017
New Hampshire,Jaffrey,5553,5553,5331,0.00452243,Town,5528,145,38.4,42.8293,-72.0599,67,33005,33005
New Hampshire,Wakefield,5519,5519,5210,0.00381957,Town,5498,139,39.63,43.5928,-71.0078,68,33003,33003
New Hampshire,Nottingham,5443,5443,5241,0.00405829,Town,5421,117,46.496,43.1298,-71.1319,69,33015,33015
New Hampshire,New Ipswich,5434,5434,5209,0.00648268,Town,5399,166,32.727,42.7463,-71.8744,70,33011,33011
New Hampshire,Moultonborough,5325,5325,4936,0.0102447,Town,5271,89,59.687,43.7205,-71.3686,71,33003,33003
New Hampshire,Chester,5294,5294,5233,-0.00113207,Town,5300,204,26.01,42.9845,-71.2551,72,33015,33015
New Hampshire,Northfield,5105,5105,4876,0.00849467,Town,5062,179,28.506,43.4018,-71.5554,73,33013,33013
New Hampshire,Barnstead,5074,5074,4923,0.00515055,Town,5048,118,43.06,43.3486,-71.2569,74,33001,33001
New Hampshire,Epsom,5036,5036,4842,0.00619381,Town,5005,146,34.417,43.2048,-71.3486,75,33015,33015
New Hampshire,Charlestown,5009,5009,4804,0.00703659,Town,4974,140,35.764,43.2466,-72.3839,76,33005,33005
New Hampshire,Deerfield,4971,4971,4864,0.000805315,Town,4967,98,50.758,43.1363,-71.2551,77,33015,33015
New Hampshire,Fremont,4897,4897,4745,0.00471892,Town,4874,285,17.173,43.0004,-71.1192,78,33015,33015
New Hampshire,Brentwood,4864,4864,4499,0.0190656,Town,4773,289,16.817,42.9837,-71.054,79,33015,33015
New Hampshire,Newton,4836,4836,4819,0.000620732,Town,4833,493,9.813,42.8704,-71.0459,80,33015,33015
New Hampshire,Allenstown,4745,4745,4712,-0.00105263,Town,4750,232,20.463,43.1433,-71.3861,81,33013,33013
New Hampshire,Northwood,4712,4712,4642,0.00255319,Town,4700,167,28.156,43.2119,-71.2234,82,33015,33015
New Hampshire,Danville,4678,4678,4415,0.0108038,Town,4628,402,11.649,42.9279,-71.1199,83,33015,33015
New Hampshire,Lee,4616,4616,4527,0.00195355,Town,4607,231,19.99,43.1192,-71.0071,84,33015,33015
New Hampshire,Ossipee,4609,4609,4386,0.00457716,Town,4588,65,70.477,43.7372,-71.1504,85,33003,33003
New Hampshire,Milton,4564,4564,4472,0.0,Town,4564,138,33.05,43.4522,-71.0146,86,33017,33017
New Hampshire,Haverhill,4552,4552,4584,-0.00524476,Town,4576,89,50.99,44.0758,-72.0046,87,33009,33009
New Hampshire,North Hampton,4495,4495,4535,-0.00442968,Town,4515,324,13.888,42.9799,-70.8294,88,33015,33015
New Hampshire,New London,4475,4475,4402,0.00134258,Town,4469,200,22.34,43.4177,-71.9906,89,33013,33013
New Hampshire,Enfield,4409,4409,4457,-0.00854509,Town,4447,109,40.305,43.6033,-72.1186,90,33009,33009
New Hampshire,Strafford,4359,4359,4235,0.00299126,Town,4346,89,49.03,43.2754,-71.17,91,33017,33017
New Hampshire,Winchester,4268,4268,4148,0.00211317,Town,4259,78,54.993,42.7893,-72.3952,92,33005,33005
New Hampshire,Candia,4229,4229,4020,0.00618606,Town,4203,139,30.338,43.0569,-71.3406,93,33015,33015
New Hampshire,Tilton,4216,4216,3967,0.0105465,Town,4172,378,11.145,43.4712,-71.5765,94,33001,33001
New Hampshire,Gilmanton,4183,4183,3955,0.0133236,Town,4128,72,57.9,43.4316,-71.3663,95,33001,33001
New Hampshire,Pittsfield,4145,4145,4076,0.00144963,Town,4139,173,24.024,43.2885,-71.3094,96,33001,33001
New Hampshire,Boscawen,4113,4113,4005,0.0103169,Town,4071,165,24.888,43.3117,-71.6654,97,33013,33013
New Hampshire,Greenland,4089,4089,4066,-0.00219619,Town,4098,390,10.484,43.0397,-70.8456,98,33015,33015
New Hampshire,Hinsdale,3998,3998,3951,-0.0009995,Town,4002,195,20.517,42.8093,-72.5048,99,33005,33005
New Hampshire,Wilton,3978,3978,3905,0.000754716,Town,3975,155,25.611,42.8353,-71.7692,100,33011,33011
New Hampshire,Canaan,3773,3773,3794,-0.00422275,Town,3789,71,53.358,43.6877,-72.044,101,33009,33009
New Hampshire,Walpole,3692,3692,3637,-0.000541418,Town,3694,105,35.226,43.0811,-72.4031,102,33005,33005
New Hampshire,Chesterfield,3685,3685,3558,0.00463468,Town,3668,81,45.559,42.888,-72.4435,103,33005,33005
New Hampshire,Grantham,3484,3484,3406,0.000861821,Town,3481,128,27.217,43.5166,-72.1491,104,33009,33009
New Hampshire,Sunapee,3468,3468,3347,0.00318195,Town,3457,165,21.053,43.3901,-72.0931,105,33013,33013
New Hampshire,Campton,3419,3419,3347,-0.00087668,Town,3422,66,51.836,43.8309,-71.6461,106,33009,33009
New Hampshire,Bartlett,3361,3361,3205,0.00478326,Town,3345,45,74.8,44.0772,-71.2213,107,33003,33003
New Hampshire,Bristol,3240,3240,3259,-0.00643974,Town,3261,194,16.744,43.6244,-71.7103,108,33001,33001
New Hampshire,Lancaster,3211,3211,3212,-0.00372324,Town,3223,64,49.968,44.4724,-71.5442,109,33007,33007
New Hampshire,Dunbarton,3204,3204,3013,0.0129624,Town,3163,104,30.863,43.1125,-71.6075,110,33013,33013
New Hampshire,Sanbornton,3080,3080,3034,0.0022779,Town,3073,65,47.373,43.5242,-71.6016,111,33001,33001
New Hampshire,Warner,2979,2979,2931,0.0026927,Town,2971,54,55.23,43.2835,-71.8306,112,33013,33013
New Hampshire,Tamworth,2932,2932,2823,0.00342231,Town,2922,49,59.551,43.864,-71.2961,113,33003,33003
New Hampshire,Thornton,2908,2908,2708,0.0121824,Town,2873,58,50.091,43.9479,-71.6358,114,33009,33009
New Hampshire,New Durham,2847,2847,2696,0.0110085,Town,2816,69,41.215,43.4637,-71.1521,115,33017,33017
New Hampshire,Chichester,2792,2792,2670,0.00359454,Town,2782,132,21.187,43.2653,-71.4088,116,33013,33013
New Hampshire,Madison,2757,2757,2573,0.00841258,Town,2734,72,38.488,43.9085,-71.1538,117,33003,33003
New Hampshire,Mont Vernon,2732,2732,2595,0.0107288,Town,2703,162,16.824,42.9089,-71.6942,118,33011,33011
New Hampshire,Antrim,2723,2723,2644,0.00516796,Town,2709,76,35.695,43.0503,-71.982,119,33011,33011
New Hampshire,Tuftonboro,2700,2700,2476,0.0146561,Town,2661,67,40.512,43.6699,-71.2759,120,33003,33003
New Hampshire,Rollinsford,2676,2676,2593,0.0052592,Town,2662,367,7.287,43.2198,-70.8431,121,33017,33017
New Hampshire,Gorham,2648,2648,2693,-0.00600601,Town,2664,83,31.829,44.3934,-71.1985,122,33007,33007
New Hampshire,Whitefield,2578,2578,2492,0.0097924,Town,2553,75,34.264,44.3755,-71.5896,123,33007,33007
New Hampshire,Plainfield,2548,2548,2462,0.00117878,Town,2545,49,52.247,43.5438,-72.2955,124,33009,33009
New Hampshire,Bethlehem,2528,2528,2504,-0.00315457,Town,2536,28,90.6,44.2604,-71.6092,125,33009,33009
New Hampshire,Fitzwilliam,2478,2478,2357,0.00568182,Town,2464,72,34.635,42.7532,-72.153,126,33005,33005
New Hampshire,Canterbury,2471,2471,2387,0.00284091,Town,2464,56,43.876,43.3526,-71.5338,127,33013,33013
New Hampshire,Andover,2438,2438,2402,0.00164339,Town,2434,61,40.148,43.4507,-71.7906,128,33013,33013
New Hampshire,New Hampton,2432,2432,2376,0.000823045,Town,2430,66,36.765,43.6234,-71.6325,129,33001,33001
New Hampshire,East Kingston,2420,2420,2439,-0.00370523,Town,2429,244,9.917,42.9259,-71.0026,130,33015,33015
New Hampshire,Hampton Falls,2371,2371,2406,-0.00587002,Town,2385,194,12.221,42.9248,-70.8862,131,33015,33015
New Hampshire,Newbury,2321,2321,2179,0.011329,Town,2295,65,35.839,43.314,-72.0246,132,33013,33013
New Hampshire,Troy,2202,2202,2140,0.00273224,Town,2196,126,17.458,42.8288,-72.1889,133,33005,33005
New Hampshire,Marlborough,2201,2201,2096,0.00732265,Town,2185,108,20.411,42.8862,-72.1777,134,33005,33005
New Hampshire,Colebrook,2108,2108,2081,0.000949667,Town,2106,52,40.51,44.8952,-71.4095,135,33007,33007
New Hampshire,Kensington,2096,2096,2095,0.000477326,Town,2095,175,11.967,42.9329,-70.9643,136,33015,33015
New Hampshire,Northumberland,2084,2084,2126,-0.00809138,Town,2101,58,35.689,44.5685,-71.5193,137,33007,33007
New Hampshire,Sutton,2057,2057,1984,0.00390434,Town,2049,48,42.554,43.335,-71.9184,138,33013,33013
New Hampshire,Holderness,2014,2014,2004,-0.00346363,Town,2021,66,30.35,43.7618,-71.5825,139,33001,33001
New Hampshire,Webster,1984,1984,1920,0.00404858,Town,1976,70,28.212,43.3066,-71.7257,140,33013,33013
New Hampshire,Greenville,1981,1981,1971,-0.00402212,Town,1989,288,6.878,42.7579,-71.7994,141,33011,33011
New Hampshire,Madbury,1953,1953,1915,0.000512295,Town,1952,168,11.619,43.1746,-70.9415,142,33017,33017
New Hampshire,Ashland,1948,1948,1942,-0.00408998,Town,1956,174,11.227,43.726,-71.6426,143,33009,33009
New Hampshire,Alstead,1926,1926,1868,0.00364773,Town,1919,50,38.825,43.0917,-72.3103,144,33005,33005
New Hampshire,Deering,1925,1925,1899,0.00051975,Town,1924,63,30.589,43.0831,-71.8606,145,33011,33011
New Hampshire,Middleton,1855,1855,1823,0.00107933,Town,1853,103,18.074,43.483,-71.0706,146,33017,33017
New Hampshire,Effingham,1804,1804,1702,0.00725851,Town,1791,47,38.774,43.7467,-71.0419,147,33003,33003
New Hampshire,Newfields,1775,1775,1774,0.0,Town,1775,250,7.091,43.0385,-70.968,148,33015,33015
New Hampshire,Hancock,1752,1752,1729,0.000571102,Town,1751,58,29.97,42.9773,-71.9978,149,33005,33005
New Hampshire,Westmoreland,1742,1742,1708,0.00287853,Town,1737,49,35.806,42.9681,-72.4309,150,33005,33005
New Hampshire,Bradford,1739,1739,1661,0.00636574,Town,1728,49,35.24,43.2241,-71.9662,151,33013,33013
New Hampshire,Alexandria,1736,1736,1775,-0.00969766,Town,1753,40,43.148,43.6223,-71.8563,152,33009,33009
New Hampshire,Freedom,1723,1723,1689,-0.00173812,Town,1726,50,34.734,43.842,-71.0752,153,33003,33003
New Hampshire,Greenfield,1715,1715,1709,0.00409836,Town,1708,65,26.211,42.9387,-71.8794,154,33011,33011
New Hampshire,Lyme,1713,1713,1742,-0.00753187,Town,1726,32,53.82,43.8166,-72.0943,155,33009,33009
New Hampshire,Lyndeborough,1697,1697,1699,-0.00176471,Town,1700,56,30.436,42.8964,-71.7683,156,33011,33011
New Hampshire,Francestown,1643,1643,1607,0.000609013,Town,1642,55,29.814,42.9941,-71.8161,157,33011,33011
New Hampshire,Cornish,1643,1643,1614,-0.0012158,Town,1645,39,41.954,43.473,-72.3118,158,33005,33005
New Hampshire,Lincoln,1638,1638,1630,-0.00182815,Town,1641,13,130.456,44.0947,-71.6314,159,33009,33009
New Hampshire,Lisbon,1621,1621,1626,-0.00552147,Town,1630,62,26.238,44.2423,-71.8486,160,33009,33009
New Hampshire,Dublin,1594,1594,1534,0.00441084,Town,1587,57,27.895,42.8893,-72.0698,161,33005,33005
New Hampshire,Sandwich,1552,1552,1474,0.00388098,Town,1546,17,90.878,43.8386,-71.4431,162,33003,33003
New Hampshire,Salisbury,1523,1523,1427,0.00860927,Town,1510,38,39.581,43.3861,-71.7729,163,33013,33013
New Hampshire,Wilmot,1520,1520,1411,0.0180844,Town,1493,52,29.413,43.4433,-71.9224,164,33013,33013
New Hampshire,Unity,1505,1505,1508,-0.00265076,Town,1509,41,36.981,43.2993,-72.2746,165,33005,33005
New Hampshire,Bennington,1502,1502,1494,-0.000665335,Town,1503,132,11.362,43.0203,-71.9037,166,33011,33011
New Hampshire,Rumney,1482,1482,1492,-0.00536913,Town,1490,36,41.698,43.8347,-71.7743,167,33009,33009
New Hampshire,Mason,1462,1462,1443,0.0020562,Town,1459,61,23.935,42.7422,-71.751,168,33011,33011
New Hampshire,Stoddard,1461,1461,1382,0.0103734,Town,1446,29,50.934,43.0763,-72.114,169,33005,33005
New Hampshire,Woodstock,1420,1420,1433,-0.00699301,Town,1430,24,58.762,43.9999,-71.7144,170,33009,33009
New Hampshire,Grafton,1416,1416,1382,0.000706713,Town,1415,34,41.473,43.5747,-71.9519,171,33009,33009
New Hampshire,Temple,1401,1401,1378,0.00358166,Town,1396,63,22.252,42.8267,-71.8754,172,33011,33011
New Hampshire,Milan,1368,1368,1357,0.0,Town,1368,21,63.688,44.5539,-71.2183,173,33007,33007
New Hampshire,Springfield,1335,1335,1256,0.00678733,Town,1326,31,43.614,43.4919,-72.0381,174,33013,33013
New Hampshire,Danbury,1324,1324,1255,0.010687,Town,1310,35,37.732,43.5283,-71.8685,175,33013,33013
New Hampshire,Richmond,1245,1245,1197,0.00646726,Town,1237,33,37.543,42.7735,-72.2787,176,33005,33005
New Hampshire,Orford,1235,1235,1240,-0.00403226,Town,1240,27,46.5,43.8833,-72.0338,177,33009,33009
New Hampshire,Washington,1195,1195,1193,-0.00416667,Town,1200,26,45.711,43.1901,-72.0939,178,33005,33005
New Hampshire,Bridgewater,1175,1175,1159,-0.0033927,Town,1179,55,21.494,43.6512,-71.686,179,33001,33001
New Hampshire,Lempster,1155,1155,1116,0.000866551,Town,1154,36,32.345,43.2366,-72.1849,180,33005,33005
New Hampshire,Franconia,1137,1137,1085,0.0026455,Town,1134,17,65.514,44.177,-71.6187,181,33009,33009
New Hampshire,Bath,1105,1105,1077,-0.000904159,Town,1106,29,37.712,44.183,-71.987,182,33009,33009
New Hampshire,Jackson,1068,1068,1032,-0.000935453,Town,1069,16,66.77,44.1876,-71.1558,183,33003,33003
New Hampshire,Jefferson,1067,1067,1045,0.00187793,Town,1065,21,49.995,44.3967,-71.4647,184,33007,33007
New Hampshire,Center Harbor,1060,1060,1040,0.00664767,Town,1053,80,13.265,43.7028,-71.5104,185,33001,33001
New Hampshire,Hill,1055,1055,1015,0.00571973,Town,1049,40,26.554,43.5283,-71.7692,186,33013,33013
New Hampshire,Harrisville,1002,1002,984,0.0,Town,1002,54,18.652,42.9485,-72.069,187,33005,33005
New Hampshire,New Castle,992,992,995,-0.00401606,Town,996,1226,0.809,43.0621,-70.7171,188,33017,33017
New Hampshire,Dalton,908,908,928,-0.00765027,Town,915,33,27.53,44.3948,-71.6889,189,33007,33007
New Hampshire,South Hampton,890,890,889,-0.00335946,Town,893,111,8.024,42.8898,-70.9595,190,33015,33015
New Hampshire,Acworth,889,889,859,0.00112613,Town,888,23,38.805,43.2139,-72.287,191,33005,33005
New Hampshire,Croydon,862,862,805,0.010551,Town,853,23,36.769,43.4442,-72.1784,192,33013,33013
New Hampshire,Brookfield,858,858,756,0.0214286,Town,840,38,22.812,43.5613,-71.0934,193,33003,33003
New Hampshire,Surry,856,856,821,0.00116959,Town,855,55,15.686,43.0188,-72.3434,194,33005,33005
New Hampshire,Monroe,854,854,861,-0.00928074,Town,862,38,22.335,44.2966,-71.9807,195,33009,33009
New Hampshire,Pittsburg,843,843,805,0.00596659,Town,838,3,281.32,45.1453,-71.2549,196,33007,33007
New Hampshire,Wentworth,839,839,846,-0.00592417,Town,844,20,41.564,43.8587,-71.9237,197,33009,33009
New Hampshire,Newington,831,831,813,0.00483676,Town,827,102,8.109,43.0859,-70.8274,198,33017,33017
New Hampshire,Carroll,830,830,819,-0.00120337,Town,831,17,50.272,44.3053,-71.4974,199,33007,33007
New Hampshire,Warren,824,824,830,-0.00603136,Town,829,17,48.527,43.9658,-71.8591,200,33009,33009
New Hampshire,Goshen,809,809,797,-0.00123457,Town,810,36,22.44,43.2721,-72.101,201,33005,33005
New Hampshire,Gilsum,802,802,755,0.0100756,Town,794,48,16.669,43.0412,-72.2624,202,33005,33005
New Hampshire,Albany,782,782,760,-0.00127714,Town,783,10,75.147,43.9594,-71.2743,203,33003,33003
New Hampshire,Stewartstown,765,765,807,-0.00520156,Town,769,17,46.25,44.9607,-71.407,204,33007,33007
New Hampshire,Piermont,764,764,770,-0.00520833,Town,768,20,38.442,43.9618,-72.0013,205,33009,33009
New Hampshire,Marlow,755,755,747,-0.00264201,Town,757,29,25.971,43.1385,-72.2088,206,33005,33005
New Hampshire,Sullivan,702,702,657,0.0144509,Town,692,38,18.537,43.0206,-72.2144,207,33005,33005
New Hampshire,Sugar Hill,702,702,648,0.0173913,Town,690,41,17.048,44.2184,-71.8002,208,33009,33009
New Hampshire,Nelson,679,679,633,0.0149477,Town,669,31,21.911,42.9995,-72.1217,209,33005,33005
New Hampshire,Columbia,676,676,661,0.00745156,Town,671,11,60.775,44.8162,-71.5124,210,33007,33007
New Hampshire,Langdon,676,676,648,0.00745156,Town,671,42,16.249,43.187,-72.3596,211,33005,33005
New Hampshire,Hebron,664,664,638,0.00453858,Town,661,39,17.006,43.6936,-71.792,212,33009,33009
New Hampshire,Stratford,649,649,661,-0.00612557,Town,653,8,79.237,44.7151,-71.5275,213,33007,33007
New Hampshire,Lyman,579,579,587,-0.00856164,Town,584,20,28.388,44.2575,-71.9345,214,33009,33009
New Hampshire,Groton,578,578,566,-0.00172712,Town,579,14,40.696,43.7253,-71.8649,215,33009,33009
New Hampshire,Waterville Valley,518,518,507,0.00193423,Town,517,8,64.327,43.9428,-71.4481,216,33003,33003
New Hampshire,Stark,460,460,473,-0.00862069,Town,464,8,58.808,44.5951,-71.4033,217,33007,33007
New Hampshire,Landaff,440,440,444,-0.00677201,Town,443,16,28.34,44.1601,-71.8852,218,33009,33009
New Hampshire,Eaton,435,435,406,0.00928074,Town,431,18,24.302,43.907,-71.0475,219,33003,33003
New Hampshire,Benton,359,359,372,0.0141243,Town,354,7,48.204,44.0359,-71.8466,220,33009,33009
New Hampshire,Chatham,354,354,343,0.0,Town,354,6,56.703,44.1275,-71.0607,221,33003,33003
New Hampshire,Shelburne,354,354,353,-0.00561798,Town,356,7,47.919,44.3672,-71.0871,222,33007,33007
New Hampshire,Sharon,348,348,354,-0.00571429,Town,350,22,15.661,42.8162,-71.9344,223,33011,33011
New Hampshire,Dorchester,336,336,337,-0.00884956,Town,339,8,44.612,43.7482,-71.9882,224,33009,33009
New Hampshire,Dummer,321,321,304,0.0126183,Town,317,7,47.959,44.665,-71.2518,225,33007,33007
New Hampshire,Randolph,321,321,329,-0.00925926,Town,324,7,47.042,44.3975,-71.3051,226,33007,33007
New Hampshire,Easton,301,301,289,0.00333333,Town,300,10,31.135,44.1012,-71.7951,227,33009,33009
New Hampshire,Errol,289,289,299,-0.010274,Town,292,5,60.354,44.7583,-71.1088,228,33007,33007
New Hampshire,Clarksville,280,280,289,-0.0106007,Town,283,5,60.33,45.0182,-71.3256,229,33007,33007
New Hampshire,Orange,280,280,279,-0.00355872,Town,281,12,23.069,43.6793,-71.9218,230,33009,33009
New Hampshire,Windsor,271,271,264,-0.00732601,Town,273,33,8.249,43.113,-72.0136,231,33005,33005
New Hampshire,Roxbury,222,222,219,0.0,Town,222,19,11.908,42.9511,-72.1997,232,33005,33005
New Hampshire,Ellsworth,90,90,92,-0.010989,Town,91,4,21.41,43.9118,-71.769,233,33009,33009
New Hampshire,Hart's Location,64,64,63,0.0,Town,64,3,18.678,44.1409,-71.3756,234,33003,33003
