state,city,population,pop2025,pop2020,growth,type,pop2024,densityMi,areaMi,lat,lng,rank,fips_code,geo_id
Tennessee,Nashville,686513,686513,689700,-0.000927017,Township,687150,1444,475.566,36.1718,-86.785,1,47037,47037
Tennessee,Memphis,607581,607581,635225,-0.00901796,City,613110,2051,296.202,35.109,-89.9675,2,47157,47157
Tennessee,Knoxville,202639,202639,191446,0.0111727,City,200400,2052,98.732,35.9707,-83.9493,3,47093,47093
Tennessee,Chattanooga,190671,190671,181568,0.00964257,City,188850,1339,142.352,35.066,-85.2484,4,47065,47065
Tennessee,Clarksville,189520,189520,167509,0.0237794,City,185118,1900,99.746,36.5664,-87.3452,5,47125,47125
Tennessee,Murfreesboro,173212,173212,153757,0.02298,City,169321,2695,64.277,35.8539,-86.4212,6,47149,47149
Tennessee,Franklin,91494,91494,84154,0.0163064,City,90026,2055,44.527,35.914,-86.8522,7,47187,47187
Tennessee,Johnson City,74814,74814,71121,0.00997637,City,74075,1719,43.51,36.3423,-82.3809,8,47155,47155
Tennessee,Jackson,68307,68307,68199,0.000322179,City,68285,1163,58.736,35.6541,-88.835,9,47157,47157
Tennessee,Hendersonville,64617,64617,62119,0.00779824,City,64117,2040,31.681,36.3073,-86.5989,10,47165,47165
Tennessee,Spring Hill,61859,61859,51304,0.0353317,City,59748,2126,29.094,35.7466,-86.9168,11,47187,47187
Tennessee,Smyrna,60033,60033,53495,0.0222733,Town,58725,1771,33.905,35.969,-86.5286,12,47149,47149
Tennessee,Kingsport,57558,57558,55422,0.00747405,City,57131,1087,52.967,36.5194,-82.5434,13,47155,47155
Tennessee,Bartlett,54936,54936,57670,-0.00985887,City,55483,1701,32.295,35.2342,-89.8203,14,47157,47157
Tennessee,Lebanon,54259,54259,38891,0.0600567,City,51185,1334,40.664,36.1994,-86.3446,15,47189,47189
Tennessee,Gallatin,54040,54040,44827,0.0353085,City,52197,1549,34.888,36.3815,-86.467,16,47165,47165
Tennessee,Collierville,51306,51306,51333,-9.7444e-05,Town,51311,1398,36.702,35.0489,-89.6971,17,47157,47157
Tennessee,Columbia,51008,51008,42100,0.0362004,City,49226,1429,35.701,35.6238,-87.0425,18,47187,47187
Tennessee,Cleveland,49864,49864,47918,0.00786256,City,49475,1603,31.11,35.18,-84.8713,19,47065,47065
Tennessee,Brentwood,45149,45149,45439,-0.00128299,City,45207,1072,42.116,35.9939,-86.7708,20,47187,47187
Tennessee,Mount Juliet,45062,45062,39686,0.024439,City,43987,1746,25.816,36.1992,-86.5095,21,47189,47189
Tennessee,La Vergne,40187,40187,38711,0.00739497,City,39892,1626,24.715,36.0222,-86.5594,22,47149,47149
Tennessee,Germantown,39599,39599,41269,-0.00836401,City,39933,1981,19.986,35.082,-89.7826,23,47157,47157
Tennessee,Cookeville,37802,37802,34939,0.0153912,City,37229,1057,35.77,36.1469,-85.5126,24,47189,47189
Tennessee,Oak Ridge,34691,34691,31455,0.0190048,City,34044,407,85.25,35.9665,-84.2906,25,47093,47093
Tennessee,Morristown,33178,33178,30480,0.0165451,City,32638,1191,27.868,36.2043,-83.3,26,47155,47155
Tennessee,Maryville,32724,32724,32003,0.00441989,City,32580,1849,17.698,35.748,-83.98,27,47009,47009
Tennessee,Bristol,28301,28301,27183,0.00797806,City,28077,865,32.708,36.5585,-82.217,28,47155,47155
Tennessee,Farragut,26912,26912,23579,0.0254144,Town,26245,1684,15.978,35.8762,-84.18,29,47093,47093
Tennessee,Shelbyville,26135,26135,23627,0.0195841,City,25633,1357,19.257,35.5013,-86.4517,30,47149,47149
Tennessee,East Ridge,21809,21809,22188,-0.0034727,City,21885,2633,8.282,34.9973,-85.2285,31,47065,47065
Tennessee,Tullahoma,21407,21407,20392,0.00957367,City,21204,913,23.44,35.3733,-86.2183,32,47149,47149
Tennessee,Springfield,19953,19953,18805,0.0116615,City,19723,1461,13.654,36.4936,-86.8722,33,47037,47037
Tennessee,Sevierville,18062,18062,18162,-0.00110607,City,18082,742,24.331,35.8897,-83.5799,34,47155,47155
Tennessee,Powell,17489,17489,13458,0.0714329,CDP,16323,2048,8.541,36.0359,-84.0297,35,47093,47093
Tennessee,Seymour,17372,17372,15444,0.0254412,CDP,16941,1084,16.019,35.8827,-83.7616,36,47093,47093
Tennessee,Dickson,17202,17202,16056,0.013492,City,16973,842,20.426,36.0633,-87.3688,37,47125,47125
Tennessee,Goodlettsville,17184,17184,17796,-0.00704958,City,17306,1193,14.409,36.333,-86.7042,38,47037,47037
Tennessee,White House,16846,16846,13081,0.0467905,City,16093,1431,11.769,36.4649,-86.6685,39,47165,47165
Tennessee,Nolensville,16360,16360,14052,0.0290603,Town,15898,1566,10.444,35.9571,-86.6719,40,47187,47187
Tennessee,Greeneville,15952,15952,15512,0.00554715,Town,15864,939,16.997,36.168,-82.8197,41,47155,47155
Tennessee,Dyersburg,15865,15865,16122,-0.00320432,City,15916,916,17.319,36.0468,-89.378,42,47157,47157
Tennessee,Arlington,15565,15565,14914,0.00842242,Town,15435,654,23.804,35.2525,-89.6611,43,47157,47157
Tennessee,Athens,15152,15152,14099,0.0141222,City,14941,974,15.562,35.4568,-84.6045,44,47009,47009
Tennessee,Alcoa,14936,14936,10968,0.0561448,City,14142,1022,14.612,35.807,-83.973,45,47009,47009
Tennessee,Lakeland,14226,14226,14028,0.00281968,City,14186,605,23.511,35.2628,-89.725,46,47157,47157
Tennessee,Elizabethton,14150,14150,14530,-0.00534233,City,14226,1481,9.552,36.3396,-82.2378,47,47155,47155
Tennessee,Manchester,13943,13943,12265,0.0246932,City,13607,909,15.338,35.4641,-86.0729,48,47149,47149
Tennessee,Portland,13824,13824,13209,0.00897745,City,13701,913,15.142,36.5975,-86.5266,49,47165,47165
Tennessee,McMinnville,13784,13784,13798,-0.000217596,City,13787,1246,11.061,35.6863,-85.7812,50,47149,47149
Tennessee,Lewisburg,13655,13655,12355,0.0194102,City,13395,960,14.221,35.4516,-86.7907,51,47187,47187
Tennessee,Soddy-Daisy,13327,13327,13094,0.00353916,City,13280,575,23.175,35.2616,-85.1721,52,47065,47065
Tennessee,Crossville,13021,13021,12098,0.0144126,City,12836,637,20.445,35.9534,-85.0303,53,47065,47065
Tennessee,Lenoir City,12834,12834,10134,0.0439239,City,12294,1488,8.626,35.8158,-84.283,54,47009,47009
Tennessee,Hartsville-Trousdale County,12695,12695,11635,0.0169831,Township,12483,111,114.342,36.393,-86.1567,55,47189,47189
Tennessee,Halls,12444,12444,9135,0.0714655,CDP,11614,1410,8.828,36.0817,-83.9344,56,47093,47093
Tennessee,Lawrenceburg,12224,12224,11638,0.00966383,City,12107,965,12.665,35.2497,-87.3325,57,47187,47187
Tennessee,Red Bank,12161,12161,11921,0.00396268,City,12113,1854,6.558,35.1117,-85.2962,58,47065,47065
Tennessee,Millington,12058,12058,10580,0.0251658,City,11762,538,22.405,35.3337,-89.8995,59,47157,47157
Tennessee,Collegedale,11715,11715,11117,0.0103493,City,11595,939,12.477,35.0535,-85.048,60,47065,47065
Tennessee,Oakland,11462,11462,9027,0.0443736,Town,10975,1095,10.467,35.2261,-89.5382,61,47157,47157
Tennessee,Middle Valley,11353,11353,12100,-0.00777836,CDP,11442,1163,9.763,35.1907,-85.1975,62,47065,47065
Tennessee,Martin,11116,11116,10825,0.00524507,City,11058,896,12.405,36.3379,-88.8514,63,47125,47125
Tennessee,Atoka,10949,10949,10059,0.0165259,Town,10771,902,12.132,35.4259,-89.7844,64,47157,47157
Tennessee,Union City,10817,10817,11159,-0.00624713,City,10885,893,12.108,36.4271,-89.0477,65,47157,47157
Tennessee,Fairview,10728,10728,9508,0.0232736,City,10484,597,17.977,35.9824,-87.127,66,47187,47187
Tennessee,Clinton,10518,10518,10065,0.00872734,City,10427,905,11.627,36.0973,-84.1289,67,47093,47093
Tennessee,Paris,10377,10377,10291,0.00164093,City,10360,804,12.909,36.2927,-88.3081,68,47125,47125
Tennessee,Winchester,10359,10359,9406,0.0187844,City,10168,966,10.725,35.1891,-86.1049,69,47149,47149
Tennessee,Fairfield Glade,9824,9824,9364,0.019616,CDP,9635,427,22.999,36.0038,-84.8727,70,47093,47093
Tennessee,Thompson's Station,9271,9271,7543,0.0387675,Town,8925,402,23.086,35.8126,-86.9101,71,47187,47187
Tennessee,Brownsville,9136,9136,9761,-0.0134975,City,9261,927,9.859,35.589,-89.2579,72,47157,47157
Tennessee,Jefferson City,8983,8983,8428,0.0125113,City,8872,1281,7.012,36.1208,-83.4833,73,47155,47155
Tennessee,Signal Mountain,8954,8954,8858,0.00212647,Town,8935,1070,8.37,35.1439,-85.3415,74,47065,47065
Tennessee,Bloomingdale,8710,8710,9428,-0.00898851,CDP,8789,882,9.88,36.5823,-82.5068,75,47155,47155
Tennessee,Covington,8506,8506,8661,-0.00363125,City,8537,744,11.436,35.5659,-89.6485,76,47157,47157
Tennessee,Harrison,8449,8449,8485,0.00535459,CDP,8404,1253,6.742,35.125,-85.1471,77,47065,47065
Tennessee,Milan,8369,8369,8176,0.00468187,City,8330,935,8.953,35.912,-88.754,78,47157,47157
Tennessee,Pulaski,8208,8208,8377,-0.00412521,City,8242,1083,7.58,35.193,-87.0347,79,47187,47187
Tennessee,Lexington,8011,8011,7953,0.00150019,City,7999,681,11.763,35.6421,-88.3753,80,47125,47125
Tennessee,Humboldt,7816,7816,7876,-0.00153296,City,7828,753,10.376,35.8274,-88.9045,81,47157,47157
Tennessee,Dayton,7560,7560,7064,0.013269,City,7461,889,8.504,35.4954,-85.0087,82,47065,47065
Tennessee,Ripley,7522,7522,7782,-0.00686559,City,7574,584,12.871,35.7461,-89.5341,83,47157,47157
Tennessee,Church Hill,7385,7385,7002,0.0105364,City,7308,783,9.435,36.5196,-82.7141,84,47155,47155
Tennessee,Savannah,7376,7376,7213,0.00449408,City,7343,1081,6.821,35.2209,-88.2351,85,47187,47187
Tennessee,South Cleveland,7257,7257,7792,0.00317943,CDP,7234,516,14.066,35.1093,-84.9097,86,47065,47065
Tennessee,La Follette,7128,7128,7412,-0.00793319,City,7185,1451,4.914,36.3717,-84.1256,87,47093,47093
Tennessee,Loudon,7070,7070,6025,0.030462,City,6861,559,12.646,35.7372,-84.3621,88,47009,47009
Tennessee,Newport,7046,7046,6863,0.00527893,City,7009,1273,5.533,35.9616,-83.1976,89,47155,47155
Tennessee,Munford,7038,7038,6320,0.0208877,City,6894,743,9.478,35.4429,-89.8159,90,47157,47157
Tennessee,Fayetteville,7037,7037,7062,-0.000710025,City,7042,774,9.087,35.1502,-86.5623,91,47149,47149
Tennessee,Greenbrier,6947,6947,6957,-0.000287811,Town,6949,957,7.261,36.4216,-86.7902,92,47037,47037
Tennessee,"Lynchburg, Moore County",6933,6933,6470,0.0135965,Metropolitan Government,6840,54,129.223,35.2889,-86.3587,93,47149,47149
Tennessee,Jonesborough,6858,6858,5913,0.0283401,Town,6669,1288,5.324,36.296,-82.4763,94,47155,47155
Tennessee,Green Hill,6812,6812,7308,0.00191204,CDP,6799,1960,3.475,36.2321,-86.5732,95,47037,47037
Tennessee,Sweetwater,6761,6761,6428,0.010009,City,6694,753,8.975,35.6026,-84.4734,96,47009,47009
Tennessee,Henderson,6470,6470,6325,0.00450241,City,6441,829,7.805,35.4431,-88.6566,97,47157,47157
Tennessee,Kingston,6389,6389,5961,0.0136443,City,6303,876,7.29,35.8727,-84.5045,98,47093,47093
Tennessee,Tellico Village,6332,6332,5314,0.00571792,CDP,6296,849,7.456,35.6979,-84.2636,99,47009,47009
Tennessee,Pigeon Forge,6327,6327,6401,-0.00236518,City,6342,458,13.821,35.798,-83.5638,100,47155,47155
Tennessee,Harriman,6317,6317,5952,0.0116912,City,6244,602,10.499,35.9304,-84.5626,101,47093,47093
Tennessee,Millersville,6290,6290,6312,-0.000635525,City,6294,456,13.804,36.3968,-86.7111,102,47037,47037
Tennessee,Dunlap,6097,6097,5364,0.0247059,City,5950,564,10.803,35.3675,-85.3898,103,47065,47065
Tennessee,Lafayette,6002,6002,5594,0.0138514,City,5920,1133,5.298,36.524,-86.0306,104,47165,47165
Tennessee,Christiana,5949,5949,4701,0.0715058,CDP,5552,672,8.856,35.7193,-86.4129,105,47149,47149
Tennessee,Erwin,5939,5939,6064,-0.00419182,Town,5964,1439,4.126,36.1458,-82.412,106,47155,47155
Tennessee,Pleasant View,5896,5896,4876,0.0358398,City,5692,470,12.534,36.3893,-87.0455,107,47037,47037
Tennessee,Ashland City,5853,5853,5185,0.0234307,Town,5719,549,10.668,36.2562,-87.0327,108,47037,47037
Tennessee,Medina,5771,5771,5158,0.0217776,City,5648,1439,4.01,35.817,-88.7905,109,47157,47157
Tennessee,Rockwood,5759,5759,5449,0.0108829,City,5697,719,8.015,35.8701,-84.6749,110,47093,47093
Tennessee,Smithville,5625,5625,5042,0.0212418,City,5508,961,5.854,35.9584,-85.8211,111,47189,47189
Tennessee,McKenzie,5620,5620,5535,0.00303409,City,5603,883,6.368,36.1366,-88.5071,112,47125,47125
Tennessee,Mount Carmel,5613,5613,5470,0.00519341,Town,5584,845,6.643,36.5649,-82.6678,113,47155,47155
Tennessee,Madisonville,5436,5436,5140,0.0109727,City,5377,905,6.005,35.5232,-84.363,114,47009,47009
Tennessee,Eagleton Village,5397,5397,5809,0.00427987,CDP,5374,1778,3.035,35.7882,-83.9362,115,47009,47009
Tennessee,Bolivar,5100,5100,5189,-0.003517,City,5118,629,8.114,35.264,-89.0119,116,47157,47157
Tennessee,Karns,4981,4981,3755,0.0714132,CDP,4649,1669,2.985,35.9778,-84.1091,117,47093,47093
Tennessee,Sparta,4857,4857,5001,-0.00593532,City,4886,722,6.723,35.9347,-85.4726,118,47189,47189
Tennessee,Coopertown,4838,4838,4488,0.0146812,Town,4768,153,31.6,36.4142,-86.9658,119,47037,47037
Tennessee,Mount Pleasant,4836,4836,4806,0.00124224,City,4830,385,12.577,35.5481,-87.1869,120,47187,47187
Tennessee,Shackle Island,4758,4758,4010,0.0276458,CDP,4630,859,5.54,36.3775,-86.6168,121,47165,47165
Tennessee,Lake Tansi,4738,4738,4649,0.0132592,CDP,4676,537,8.824,35.8703,-85.0606,122,47065,47065
Tennessee,Apison,4632,4632,4220,0.0323156,CDP,4487,286,16.18,35.0049,-85.0097,123,47065,47065
Tennessee,Rogersville,4613,4613,4663,-0.0021631,Town,4623,1227,3.759,36.4083,-83.0042,124,47155,47155
Tennessee,Whiteville,4551,4551,4576,-0.00109745,Town,4556,1726,2.636,35.3179,-89.1497,125,47157,47157
Tennessee,Huntingdon,4547,4547,4439,0.00486188,Town,4525,384,11.839,36.0061,-88.4173,126,47125,47125
Tennessee,Selmer,4498,4498,4458,0.00178174,Town,4490,471,9.55,35.1706,-88.5951,127,47157,47157
Tennessee,Oak Grove,4421,4421,4353,-0.000226142,CDP,4422,976,4.531,36.4251,-82.4341,128,47155,47155
Tennessee,Harrogate,4407,4407,4397,0.000454029,City,4405,607,7.265,36.5752,-83.6462,129,47093,47093
Tennessee,White Bluff,4353,4353,3873,0.0225511,Town,4257,681,6.392,36.1009,-87.2119,130,47187,47187
Tennessee,Louisville,4321,4321,4386,-0.00299954,City,4334,290,14.921,35.8227,-84.0527,131,47093,47093
Tennessee,Waverly,4255,4255,4304,-0.00234466,City,4265,486,8.75,36.0939,-87.7847,132,47125,47125
Tennessee,Algood,4205,4205,3984,0.0105744,City,4161,1028,4.09,36.2,-85.4468,133,47189,47189
Tennessee,Oak Hill,4179,4179,4874,-0.0321908,City,4318,533,7.845,36.0684,-86.7931,134,47037,47037
Tennessee,Livingston,4120,4120,3919,0.00980392,Town,4080,633,6.508,36.3866,-85.3261,135,47189,47189
Tennessee,Forest Hills,4119,4119,5018,-0.0418702,City,4299,446,9.236,36.07,-86.8362,136,47037,47037
Tennessee,Spurgeon,4018,4018,4426,0.000996512,CDP,4014,983,4.087,36.4444,-82.4613,137,47155,47155
Tennessee,Hohenwald,4016,4016,3705,0.0156803,City,3954,762,5.268,35.5515,-87.5539,138,47187,47187
Tennessee,Trenton,3996,3996,4236,-0.0118694,City,4044,497,8.037,35.9732,-88.9452,139,47157,47157
Tennessee,Wildwood Lake,3917,3917,3614,0.0137164,CDP,3864,326,12.009,35.0882,-84.8477,140,47065,47065
Tennessee,Oneida,3830,3830,3792,0.00209314,Town,3822,408,9.385,36.5157,-84.5108,141,47093,47093
Tennessee,Unicoi,3814,3814,3824,-0.000524109,Town,3816,236,16.19,36.2218,-82.3292,142,47155,47155
Tennessee,Gatlinburg,3799,3799,3554,0.0130667,City,3750,365,10.414,35.725,-83.4938,143,47155,47155
Tennessee,Dandridge,3789,3789,3359,0.0232244,Town,3703,621,6.098,36.0301,-83.4298,144,47155,47155
Tennessee,Etowah,3748,3748,3602,0.00779779,City,3719,1326,2.826,35.3381,-84.5282,145,47009,47009
Tennessee,Park City,3728,3728,3500,0.0236134,CDP,3642,682,5.464,35.0779,-86.5841,146,47149,47149
Tennessee,Strawberry Plains,3700,3700,1919,0.071532,CDP,3453,884,4.187,36.0643,-83.6452,147,47155,47155
Tennessee,Camden,3689,3689,3674,0.00081389,City,3686,650,5.677,36.0662,-88.1046,148,47125,47125
Tennessee,Jasper,3624,3624,3616,0.000552181,Town,3622,368,9.846,35.0683,-85.6212,149,47065,47065
Tennessee,Centerville,3593,3593,3527,0.00363128,Town,3580,334,10.76,35.8262,-87.4383,150,47187,47187
Tennessee,Somerville,3591,3591,3426,0.00927487,Town,3558,265,13.567,35.2322,-89.3754,151,47157,47157
Tennessee,Oliver Springs,3460,3460,3304,0.00904054,Town,3429,599,5.775,36.0399,-84.3285,152,47093,47093
Tennessee,Tusculum,3411,3411,3300,0.00649159,City,3389,702,4.862,36.175,-82.7454,153,47155,47155
Tennessee,Blountville,3313,3313,3387,0.0048529,CDP,3297,671,4.935,36.533,-82.3289,154,47155,47155
Tennessee,Newbern,3234,3234,3334,-0.00614628,Town,3254,713,4.534,36.1169,-89.2714,155,47157,47157
Tennessee,Bean Station,3142,3142,2964,0.0115905,City,3106,525,5.989,36.3384,-83.2852,156,47155,47155
Tennessee,Sale Creek,3120,3120,2899,0.00580271,CDP,3102,104,30.14,35.3864,-85.0824,157,47065,47065
Tennessee,Tiptonville,3076,3076,3978,-0.0552826,Town,3256,928,3.315,36.3761,-89.4753,158,47157,47157
Tennessee,Sewanee,3075,3075,2625,0.0168651,CDP,3024,791,3.886,35.1979,-85.9215,159,47065,47065
Tennessee,Coalfield,3016,3016,2861,0.0124203,CDP,2979,122,24.732,36.0228,-84.4425,160,47093,47093
Tennessee,Piperton,2946,2946,2303,0.0457934,City,2817,108,27.195,35.0528,-89.6096,161,47157,47157
Tennessee,Woodbury,2933,2933,2722,0.0145278,Town,2891,1483,1.978,35.8247,-86.0724,162,47149,47149
Tennessee,Dresden,2917,2917,3007,-0.00613288,Town,2935,491,5.941,36.2799,-88.6991,163,47125,47125
Tennessee,South Pittsburg,2895,2895,3097,-0.0136286,City,2935,352,8.22,35.0112,-85.7182,164,47065,47065
Tennessee,Brighton,2879,2879,2883,-0.000347222,Town,2880,948,3.036,35.4813,-89.7354,165,47157,47157
Tennessee,Westmoreland,2822,2822,2727,0.00677845,Town,2803,650,4.34,36.5654,-86.244,166,47165,47165
Tennessee,New Tazewell,2821,2821,2775,0.00320057,Town,2812,557,5.067,36.4381,-83.6052,167,47093,47093
Tennessee,Hopewell,2805,2805,2051,0.022603,CDP,2743,394,7.117,35.2388,-84.9139,168,47065,47065
Tennessee,Mascot,2791,2791,2681,0.00903832,CDP,2766,401,6.965,36.0687,-83.7639,169,47093,47093
Tennessee,Kingston Springs,2749,2749,2813,-0.00470673,Town,2762,273,10.053,36.0819,-87.109,170,47187,47187
Tennessee,Monterey,2744,2744,2748,-0.000364298,Town,2745,906,3.028,36.1446,-85.2643,171,47189,47189
Tennessee,Walnut Hill,2711,2711,2534,0.00780669,CDP,2690,661,4.103,36.5679,-82.2657,172,47155,47155
Tennessee,Maynardville,2655,2655,2470,0.0141329,City,2618,492,5.394,36.247,-83.8057,173,47093,47093
Tennessee,White Pine,2587,2587,2546,0.00310198,Town,2579,901,2.872,36.1013,-83.2857,174,47155,47155
Tennessee,Mosheim,2581,2581,2488,0.00741608,Town,2562,409,6.306,36.1956,-82.9656,175,47155,47155
Tennessee,Valley Forge,2552,2552,1805,0.0713686,CDP,2382,807,3.162,36.3042,-82.1948,176,47155,47155
Tennessee,Gladeville,2542,2542,1733,0.0712179,CDP,2373,561,4.529,36.1157,-86.4315,177,47189,47189
Tennessee,Mountain City,2492,2492,2419,0.00605571,Town,2477,739,3.37,36.4696,-81.8049,178,47155,47155
Tennessee,Decherd,2490,2490,2375,0.00932306,City,2467,519,4.795,35.2159,-86.0747,179,47149,47149
Tennessee,Bells,2484,2484,2461,0.00201694,City,2479,1048,2.371,35.7197,-89.0854,180,47157,47157
Tennessee,Belle Meade,2396,2396,2890,-0.0396794,City,2495,780,3.07,36.0994,-86.8563,181,47037,47037
Tennessee,Biltmore,2396,2396,1796,0.0715564,CDP,2236,934,2.566,36.3687,-82.2211,182,47155,47155
Tennessee,Tazewell,2359,2359,2346,0.00127334,Town,2356,543,4.341,36.4625,-83.567,183,47155,47155
Tennessee,Alamo,2333,2333,2332,0.0,Town,2333,1062,2.196,35.7829,-89.1169,184,47157,47157
Tennessee,Dyer,2330,2330,2307,0.00215054,City,2325,814,2.863,36.0716,-88.9939,185,47157,47157
Tennessee,Waynesboro,2321,2321,2315,0.000431034,City,2320,542,4.284,35.3235,-87.7593,186,47187,47187
Tennessee,Adamsville,2285,2285,2262,0.00219298,Town,2280,325,7.039,35.2375,-88.3784,187,47157,47157
Tennessee,East Cleveland,2281,2281,2557,0.0201252,CDP,2236,1829,1.247,35.1525,-84.8542,188,47065,47065
Tennessee,Estill Springs,2272,2272,2267,0.000440334,Town,2271,535,4.249,35.2592,-86.1337,189,47149,47149
Tennessee,Jacksboro,2265,2265,2299,-0.00308099,Town,2272,878,2.581,36.3352,-84.1927,190,47093,47093
Tennessee,Plainview,2248,2248,2065,0.0167345,City,2211,353,6.368,36.1807,-83.7933,191,47093,47093
Tennessee,Carthage,2244,2244,2293,-0.00443656,Town,2254,773,2.902,36.2566,-85.9429,192,47189,47189
Tennessee,Falling Water,2220,2220,1534,0.0306407,CDP,2154,443,5.011,35.1959,-85.2594,193,47065,47065
Tennessee,Hunter,2188,2188,2075,0.010157,CDP,2166,342,6.397,36.4019,-82.1506,194,47155,47155
Tennessee,Caryville,2187,2187,2197,-0.000913659,Town,2189,394,5.557,36.3117,-84.1997,195,47093,47093
Tennessee,Blaine,2176,2176,2083,0.00880853,City,2157,229,9.516,36.1447,-83.6955,196,47093,47093
Tennessee,South Fulton,2169,2169,2239,-0.00641319,City,2183,641,3.383,36.4933,-88.8837,197,47125,47125
Tennessee,Baxter,2166,2166,1585,0.0565854,Town,2050,689,3.145,36.1537,-85.6349,198,47189,47189
Tennessee,Ridgetop,2152,2152,2106,0.00419972,City,2143,711,3.026,36.4037,-86.7677,199,47037,47037
Tennessee,Jellico,2120,2120,2149,-0.0028222,City,2126,341,6.219,36.5716,-84.1162,200,47093,47093
Tennessee,Parsons,2120,2120,2100,0.00189036,City,2116,524,4.047,35.6512,-88.1231,201,47125,47125
Tennessee,Jamestown,2114,2114,2021,0.00906921,City,2095,679,3.114,36.431,-84.9327,202,47093,47093
Tennessee,Unionville,2087,2087,2615,0.023541,CDP,2039,231,9.032,35.6118,-86.5739,203,47149,47149
Tennessee,Lookout Mountain,2049,2049,2059,-0.000975134,Town,2051,1526,1.343,34.9945,-85.3516,204,47065,47065
Tennessee,Rockvale,2039,2039,1592,0.0714661,CDP,1903,471,4.327,35.7667,-86.5212,205,47149,47149
Tennessee,Halls,2025,2025,2084,-0.00589102,Town,2037,550,3.682,35.8811,-89.4087,206,47157,47157
Tennessee,Rural Hill,2018,2018,2558,0.0,CDP,2018,497,4.06,36.1183,-86.5147,207,47189,47189
Tennessee,Pegram,2012,2012,2067,-0.00543747,Town,2023,278,7.248,36.1037,-87.0565,208,47187,47187
Tennessee,Greenfield,2008,2008,2033,-0.00248385,City,2013,577,3.478,36.1651,-88.8073,209,47157,47157
Tennessee,Pine Crest,2006,2006,2318,-0.0123092,CDP,2031,1040,1.929,36.2932,-82.3089,210,47155,47155
Tennessee,Clifton,1991,1991,2656,-0.0626177,City,2124,358,5.562,35.3773,-87.9912,211,47187,47187
Tennessee,Lakesite,1986,1986,1865,0.0122324,City,1962,1141,1.74,35.2027,-85.1412,212,47065,47065
Tennessee,Walden,1975,1975,1984,-0.00101163,Town,1977,559,3.533,35.1635,-85.3099,213,47065,47065
Tennessee,Mowbray Mountain,1974,1974,1943,0.0123077,CDP,1950,98,20.22,35.2751,-85.2225,214,47065,47065
Tennessee,Cross Plains,1966,1966,1783,0.0191809,City,1929,226,8.689,36.5412,-86.6766,215,47165,47165
Tennessee,Spring City,1952,1952,1942,0.00102564,Town,1950,706,2.764,35.6864,-84.8642,216,47065,47065
Tennessee,Burns,1951,1951,1605,0.0366631,Town,1882,555,3.514,36.0578,-87.3204,217,47187,47187
Tennessee,Chapel Hill,1938,1938,1727,0.0221519,Town,1896,505,3.835,35.628,-86.6969,218,47187,47187
Tennessee,Surgoinsville,1936,1936,1878,0.00623701,Town,1924,338,5.728,36.4724,-82.8609,219,47155,47155
Tennessee,Three Way,1921,1921,1890,0.00313316,City,1915,428,4.491,35.772,-88.8572,220,47157,47157
Tennessee,Pikeville,1916,1916,1825,0.00948367,City,1898,784,2.443,35.6154,-85.1934,221,47065,47065
Tennessee,Dover,1902,1902,1834,0.00741525,City,1888,494,3.854,36.4816,-87.8438,222,47125,47125
Tennessee,Central,1858,1858,1926,-0.0148462,CDP,1886,528,3.522,36.3338,-82.2969,223,47155,47155
Tennessee,Bluff City,1852,1852,1819,0.00379404,City,1845,1060,1.747,36.4595,-82.2779,224,47155,47155
Tennessee,Loretto,1846,1846,1736,0.0120614,City,1824,488,3.782,35.081,-87.4395,225,47187,47187
Tennessee,Gruetli-Laager,1812,1812,1741,0.00778643,City,1798,143,12.676,35.3726,-85.6374,226,47065,47065
Tennessee,New Johnsonville,1806,1806,1805,0.0,City,1806,351,5.145,36.0165,-87.9695,227,47125,47125
Tennessee,New Union,1802,1802,1819,0.0134983,CDP,1778,469,3.84,35.534,-86.0832,228,47149,47149
Tennessee,Sullivan Gardens,1799,1799,1507,0.0714711,CDP,1679,721,2.496,36.4877,-82.5911,229,47155,47155
Tennessee,Bon Aqua Junction,1789,1789,1266,0.0211187,CDP,1752,380,4.71,35.9281,-87.3124,230,47187,47187
Tennessee,Hampton,1774,1774,1568,0.071256,CDP,1656,407,4.358,36.2773,-82.1728,231,47155,47155
Tennessee,Cowan,1771,1771,1768,0.000564971,City,1770,852,2.078,35.163,-86.0141,232,47065,47065
Tennessee,McEwen,1761,1761,1650,0.0126509,City,1739,956,1.843,36.1098,-87.6355,233,47125,47125
Tennessee,Charlotte,1740,1740,1659,0.00928074,Town,1724,429,4.058,36.1861,-87.3389,234,47125,47125
Tennessee,Huntsville,1731,1731,1741,-0.00115407,Town,1733,209,8.299,36.4177,-84.5098,235,47093,47093
Tennessee,Vonore,1720,1720,1584,0.015948,Town,1693,195,8.812,35.5972,-84.2345,236,47009,47009
Tennessee,Lone Oak,1678,1678,1265,0.0188221,CDP,1647,259,6.472,35.2008,-85.3685,237,47065,47065
Tennessee,Decatur,1670,1670,1570,0.0121212,Town,1650,440,3.796,35.5291,-84.7933,238,47065,47065
Tennessee,Berry Hill,1668,1668,2097,-0.0490308,City,1754,1841,0.906,36.1196,-86.7675,239,47037,47037
Tennessee,Kimball,1644,1644,1551,0.0116923,Town,1625,310,5.311,35.0469,-85.674,240,47065,47065
Tennessee,Rocky Top,1644,1644,1634,0.00121803,City,1642,1015,1.619,36.2249,-84.1548,241,47093,47093
Tennessee,South Carthage,1640,1640,1490,0.0186335,Town,1610,640,2.563,36.2397,-85.9575,242,47189,47189
Tennessee,Watertown,1638,1638,1555,0.0104874,City,1621,1141,1.436,36.1007,-86.1394,243,47189,47189
Tennessee,Norris,1630,1630,1605,0.00307692,City,1625,196,8.333,36.2137,-84.0629,244,47093,47093
Tennessee,Englewood,1602,1602,1479,0.0158529,Town,1577,839,1.91,35.4229,-84.4883,245,47009,47009
Tennessee,Colonial Heights,1600,1600,2889,-0.182004,CDP,1956,419,3.816,36.4944,-82.4906,246,47155,47155
Tennessee,Whitwell,1592,1592,1642,-0.0062422,City,1602,454,3.509,35.1924,-85.5215,247,47065,47065
Tennessee,Banner Hill,1590,1590,1396,0.00442198,CDP,1583,1137,1.398,36.1223,-82.4203,248,47155,47155
Tennessee,Spencer,1590,1590,1462,0.016624,City,1564,243,6.555,35.7392,-85.4561,249,47065,47065
Tennessee,Ridgely,1565,1565,1684,-0.0151038,Town,1589,789,1.984,36.2632,-89.4806,250,47157,47157
Tennessee,Graysville,1510,1510,1474,0.00465735,Town,1503,1282,1.178,35.4493,-85.0764,251,47065,47065
Tennessee,Bruceton,1501,1501,1506,-0.000665778,Town,1502,892,1.682,36.0349,-88.2466,252,47125,47125
Tennessee,Fairmount,1478,1478,1467,-0.0567964,CDP,1567,353,4.189,35.1865,-85.3302,253,47065,47065
Tennessee,Tracy City,1456,1456,1403,0.00761246,Town,1445,313,4.656,35.263,-85.7557,254,47065,47065
Tennessee,Troy,1416,1416,1418,0.0,Town,1416,1049,1.35,36.3419,-89.1582,255,47157,47157
Tennessee,Monteagle,1414,1414,1386,0.00426136,Town,1408,156,9.044,35.2358,-85.8502,256,47065,47065
Tennessee,New Market,1407,1407,1346,0.00860215,Town,1395,332,4.233,36.0955,-83.557,257,47155,47155
Tennessee,Sneedville,1403,1403,1267,0.0196221,Town,1376,611,2.297,36.5357,-83.21,258,47155,47155
Tennessee,Benton,1396,1396,1516,-0.0169014,Town,1420,460,3.033,35.1749,-84.6517,259,47065,47065
Tennessee,Celina,1387,1387,1417,-0.00430725,City,1393,753,1.843,36.5476,-85.5038,260,47189,47189
Tennessee,Gordonsville,1386,1386,1370,0.0021692,Town,1383,195,7.111,36.1861,-85.9315,261,47189,47189
Tennessee,Cornersville,1381,1381,1236,0.0214497,Town,1352,249,5.552,35.3634,-86.8584,262,47187,47187
Tennessee,Mason,1359,1359,1346,0.00221239,Town,1356,686,1.981,35.4128,-89.5412,263,47157,47157
Tennessee,Gleason,1357,1357,1361,-0.000736377,Town,1358,605,2.243,36.2174,-88.6107,264,47125,47125
Tennessee,Tennessee Ridge,1355,1355,1330,0.0037037,Town,1350,361,3.75,36.3181,-87.7679,265,47125,47125
Tennessee,Rutledge,1337,1337,1321,0.00224888,Town,1334,242,5.531,36.2744,-83.5327,266,47155,47155
Tennessee,Olivet,1305,1305,1599,-0.00229358,CDP,1308,219,5.965,35.2048,-88.1939,267,47187,47187
Tennessee,Gray,1290,1290,1342,0.00389105,CDP,1285,868,1.486,36.4211,-82.4765,268,47155,47155
Tennessee,Powells Crossroads,1270,1270,1299,-0.00470219,Town,1276,259,4.897,35.1848,-85.4848,269,47065,47065
Tennessee,Greenback,1252,1252,1107,0.0237122,City,1223,151,8.311,35.6474,-84.1682,270,47009,47009
Tennessee,Embreeville,1248,1248,1032,0.0721649,CDP,1164,929,1.344,36.1759,-82.4489,271,47155,47155
Tennessee,Kenton,1241,1241,1281,-0.00640512,Town,1249,492,2.52,36.2022,-89.018,272,47157,47157
Tennessee,Rossville,1240,1240,1054,0.0307564,Town,1203,228,5.45,35.038,-89.5417,273,47157,47157
Tennessee,Ardmore,1236,1236,1206,0.00487805,City,1230,263,4.698,35.0044,-86.8507,274,47187,47187
Tennessee,Midtown,1235,1235,1126,-0.00643604,CDP,1243,275,4.489,35.8803,-84.5748,275,47093,47093
Tennessee,Red Boiling Springs,1220,1220,1205,0.00246508,City,1217,697,1.75,36.5302,-85.8482,276,47189,47189
Tennessee,Altamont,1170,1170,1125,0.00775194,Town,1161,59,19.824,35.4339,-85.7386,277,47065,47065
Tennessee,Erin,1165,1165,1232,-0.0110357,City,1178,299,3.896,36.3163,-87.7008,278,47125,47125
Tennessee,Linden,1158,1158,995,0.0293333,Town,1125,1152,1.005,35.6123,-87.843,279,47187,47187
Tennessee,Lyles,1142,1142,1273,0.0251346,CDP,1114,436,2.619,35.9195,-87.345,280,47187,47187
Tennessee,Rutherford,1130,1130,1157,-0.00440529,Town,1135,491,2.303,36.1221,-88.9929,281,47157,47157
Tennessee,Fowlkes,1121,1121,1123,0.0717017,CDP,1046,536,2.093,35.972,-89.3879,282,47157,47157
Tennessee,Luttrell,1094,1094,1019,0.0139018,Town,1079,278,3.931,36.2096,-83.7485,283,47093,47093
Tennessee,Lakewood Park,1090,1090,923,0.00646353,CDP,1083,190,5.741,35.6486,-86.1354,284,47149,47149
Tennessee,Russellville,1062,1062,785,0.0705645,CDP,992,1022,1.039,36.258,-83.1968,285,47155,47155
Tennessee,Fincastle,1058,1058,1270,-0.03379,CDP,1095,290,3.653,36.4038,-84.0479,286,47093,47093
Tennessee,Wildwood,1056,1056,1221,-0.00189036,CDP,1058,425,2.487,35.7999,-83.8685,287,47009,47009
Tennessee,Orebank,1052,1052,778,0.0712831,CDP,982,1194,0.881,36.556,-82.4641,288,47155,47155
Tennessee,John Sevier,1041,1041,740,0.0709877,CDP,972,1368,0.761,36.0379,-83.8258,289,47093,47093
Tennessee,Riceville,1038,1038,771,0.0246792,CDP,1013,477,2.177,35.3895,-84.6989,290,47065,47065
Tennessee,Winfield,1027,1027,969,0.0118227,Town,1015,151,6.794,36.5632,-84.4463,291,47093,47093
Tennessee,Orlinda,1023,1023,948,0.014881,City,1008,155,6.589,36.5938,-86.7016,292,47165,47165
Tennessee,Eagleville,1020,1020,824,0.0397554,City,981,321,3.182,35.7421,-86.6528,293,47187,47187
Tennessee,Telford,1010,1010,990,0.00597609,CDP,1004,409,2.467,36.2534,-82.5478,294,47155,47155
Tennessee,Flat Top Mountain,1008,1008,888,0.0402477,CDP,969,58,17.324,35.3319,-85.2,295,47065,47065
Tennessee,Lobelville,999,999,921,0.0162767,City,983,266,3.752,35.7517,-87.7975,296,47125,47125
Tennessee,Alexandria,994,994,984,0.00201613,Town,992,491,2.025,36.0791,-86.0381,297,47189,47189
Tennessee,Gainesboro,994,994,926,0.0142857,Town,980,638,1.557,36.3632,-85.6487,298,47189,47189
Tennessee,Bradford,985,985,1000,-0.00303644,Town,988,556,1.77,36.0738,-88.8163,299,47157,47157
Tennessee,Rarity Bay,984,984,641,0.0718954,CDP,918,540,1.823,35.6348,-84.2537,300,47009,47009
Tennessee,Obion,965,965,992,-0.00515464,Town,970,748,1.29,36.2558,-89.1826,301,47157,47157
Tennessee,Atwood,963,963,943,0.00417101,Town,959,555,1.734,35.9747,-88.6689,302,47125,47125
Tennessee,Wartburg,963,963,910,0.0115546,City,952,854,1.127,36.104,-84.5864,303,47093,47093
Tennessee,New Hope,943,943,988,-0.00945378,City,952,91,10.336,34.9994,-85.6684,304,47065,47065
Tennessee,Crump,939,939,904,0.00751073,City,932,185,5.081,35.2249,-88.3308,305,47157,47157
Tennessee,Delano,926,926,673,0.0717593,CDP,864,242,3.83,35.2565,-84.5617,306,47009,47009
Tennessee,Chesterfield,925,925,706,0.0335196,CDP,895,120,7.682,35.6528,-88.267,307,47125,47125
Tennessee,Friendsville,924,924,893,0.00653595,City,918,326,2.838,35.7564,-84.132,308,47009,47009
Tennessee,Sharon,919,919,936,-0.0032538,Town,922,724,1.27,36.2351,-88.8251,309,47125,47125
Tennessee,Collinwood,912,912,896,0.00330033,City,909,328,2.781,35.1745,-87.7441,310,47187,47187
Tennessee,Charleston,907,907,877,0.00665927,City,901,790,1.148,35.2857,-84.7608,311,47065,47065
Tennessee,Fall Branch,907,907,1180,-0.0278671,CDP,933,201,4.517,36.4161,-82.6242,312,47155,47155
Tennessee,Scotts Hill,896,896,868,0.00674157,Town,890,244,3.666,35.5183,-88.2523,313,47125,47125
Tennessee,Mooresburg,894,894,705,-0.00334448,CDP,897,236,3.786,36.3507,-83.2352,314,47155,47155
Tennessee,Huntland,893,893,887,0.00112108,Town,892,586,1.524,35.0579,-86.2689,315,47149,47149
Tennessee,Roan Mountain,890,890,1064,-0.0336591,CDP,921,134,6.626,36.1867,-82.0705,316,47155,47155
Tennessee,Henning,878,878,873,0.00114025,Town,877,356,2.467,35.6846,-89.5743,317,47157,47157
Tennessee,St. Joseph,839,839,789,0.0120627,City,829,223,3.766,35.033,-87.5008,318,47187,47187
Tennessee,Coalmont,827,827,786,0.00976801,City,819,137,6.057,35.3442,-85.7138,319,47065,47065
Tennessee,Byrdstown,826,826,791,0.00854701,Town,819,555,1.488,36.5736,-85.1342,320,47189,47189
Tennessee,Niota,825,825,767,0.0147601,City,813,359,2.298,35.5172,-84.5499,321,47009,47009
Tennessee,Rockford,817,817,822,-0.00122249,City,818,257,3.183,35.8397,-83.9353,322,47093,47093
Tennessee,Trezevant,812,812,796,0.00370828,Town,809,571,1.421,36.0109,-88.6206,323,47125,47125
Tennessee,Decaturville,806,806,803,0.00124224,Town,805,488,1.652,35.5819,-88.1195,324,47125,47125
Tennessee,McDonald,797,797,478,0.0712366,CDP,744,544,1.464,35.1088,-84.9853,325,47065,47065
Tennessee,Morrison,797,797,731,0.0165816,Town,784,267,2.989,35.6071,-85.9074,326,47149,47149
Tennessee,Cosby,790,790,723,0.0719132,CDP,737,143,5.533,35.7951,-83.2457,327,47155,47155
Tennessee,Tellico Plains,785,785,764,0.00512164,Town,781,402,1.952,35.3665,-84.2981,328,47009,47009
Tennessee,Eastview,783,783,773,0.00256082,Town,781,153,5.118,35.0877,-88.5517,329,47157,47157
Tennessee,Bulls Gap,773,773,753,0.00520156,Town,769,635,1.218,36.2616,-83.0788,330,47155,47155
Tennessee,Bethel Springs,755,755,739,0.00398936,Town,752,338,2.233,35.2341,-88.6131,331,47157,47157
Tennessee,Middleton,755,755,657,0.0272109,City,735,361,2.09,35.0693,-88.8942,332,47157,47157
Tennessee,Dodson Branch,746,746,1105,-0.0286458,CDP,768,67,11.107,36.3149,-85.5322,333,47189,47189
Tennessee,Finley,744,744,697,0.0720461,CDP,694,571,1.304,36.0357,-89.4799,334,47157,47157
Tennessee,Crab Orchard,740,740,719,0.00543478,City,736,68,10.935,35.9066,-84.8847,335,47065,47065
Tennessee,Puryear,712,712,702,0.0028169,City,710,752,0.947,36.4414,-88.3324,336,47125,47125
Tennessee,Hollow Rock,709,709,684,0.00710227,Town,704,419,1.691,36.0353,-88.2692,337,47125,47125
Tennessee,Grimsley,702,702,975,-0.042292,CDP,733,64,10.886,36.2761,-84.9969,338,47093,47093
Tennessee,Philadelphia,699,699,608,0.0264317,City,681,450,1.555,35.6791,-84.3999,339,47009,47009
Tennessee,Clarkrange,686,686,794,0.0103093,CDP,679,68,10.156,36.1857,-85.0096,340,47093,47093
Tennessee,Adams,674,674,621,0.0165913,City,663,282,2.391,36.5828,-87.0651,341,47125,47125
Tennessee,Michie,674,674,658,0.00447094,Town,671,120,5.622,35.0604,-88.4257,342,47157,47157
Tennessee,Wartrace,671,671,658,0.00449102,Town,668,766,0.876,35.5253,-86.3301,343,47149,47149
Tennessee,Kahite,661,661,667,0.0713128,CDP,617,508,1.3,35.5687,-84.2365,344,47009,47009
Tennessee,Townsend,657,657,554,0.0330189,City,636,330,1.993,35.6763,-83.753,345,47009,47009
Tennessee,Gates,647,647,664,-0.00461538,Town,650,918,0.705,35.8405,-89.4081,346,47157,47157
Tennessee,Lenox,644,644,513,0.0715474,CDP,601,256,2.52,36.0876,-89.4973,347,47157,47157
Tennessee,Castalian Springs,636,636,397,0.00792393,CDP,631,109,5.817,36.4012,-86.3068,348,47165,47165
Tennessee,Friendship,617,617,612,0.00162338,City,616,468,1.319,35.9084,-89.2414,349,47157,47157
Tennessee,Sequatchie,616,616,696,0.0713043,CDP,575,595,1.035,35.1115,-85.5966,350,47065,47065
Tennessee,Allardt,612,612,556,0.0183028,City,601,162,3.77,36.3811,-84.8814,351,47093,47093
Tennessee,Walnut Grove,609,609,931,-0.0271565,CDP,626,126,4.817,36.489,-86.6057,352,47165,47165
Tennessee,Baneberry,594,594,526,0.0241379,City,580,334,1.781,36.0464,-83.2782,353,47155,47155
Tennessee,Vanleer,592,592,567,0.00851789,Town,587,288,2.053,36.2367,-87.4483,354,47125,47125
Tennessee,Maury City,586,586,580,0.0017094,Town,585,520,1.126,35.8145,-89.2239,355,47157,47157
Tennessee,Palmer,583,583,550,0.0121528,Town,576,118,4.931,35.3576,-85.5656,356,47065,47065
Tennessee,Griffith Creek,580,580,459,0.0720887,CDP,541,188,3.091,35.2761,-85.536,357,47065,47065
Tennessee,Beech Bluff,579,579,307,0.0722222,CDP,540,132,4.396,35.6046,-88.6292,358,47157,47157
Tennessee,Ethridge,573,573,533,0.0141593,Town,565,497,1.153,35.3218,-87.3013,359,47187,47187
Tennessee,Calhoun,568,568,535,0.0124777,Town,561,479,1.187,35.3018,-84.7415,360,47065,47065
Tennessee,Petersburg,564,564,526,0.0143885,Town,556,560,1.008,35.3173,-86.6406,361,47149,47149
Tennessee,Moscow,558,558,567,-0.00357143,City,560,437,1.276,35.0624,-89.3823,362,47157,47157
Tennessee,Sunbright,552,552,521,0.010989,City,546,156,3.528,36.2427,-84.68,363,47093,47093
Tennessee,Pleasant Hill,551,551,543,0.00364299,Town,549,338,1.63,35.9739,-85.202,364,47065,47065
Tennessee,Bon Air,546,546,442,0.0705882,CDP,510,277,1.97,35.9333,-85.3701,365,47065,47065
Tennessee,Doyle,545,545,497,0.0186916,Town,535,441,1.236,35.8553,-85.5121,366,47065,47065
Tennessee,Trimble,529,529,544,-0.0056391,Town,532,819,0.646,36.202,-89.188,367,47157,47157
Tennessee,Gallaway,528,528,532,-0.00189036,City,529,91,5.794,35.3209,-89.6081,368,47157,47157
Tennessee,Elkton,527,527,542,-0.00566038,City,530,265,1.992,35.0628,-86.8958,369,47187,47187
Tennessee,Pinson,524,524,302,0.0715746,CDP,489,129,4.062,35.479,-88.7413,370,47157,47157
Tennessee,Wrigley,524,524,513,0.0335306,CDP,507,548,0.956,35.8998,-87.3537,371,47187,47187
Tennessee,Minor Hill,520,520,505,0.00580271,City,517,279,1.861,35.0566,-87.1607,372,47187,47187
Tennessee,Summertown,510,510,521,-0.0449438,CDP,534,254,2.011,35.4344,-87.3085,373,47187,47187
Tennessee,Hornbeak,503,503,510,-0.00198413,Town,504,479,1.051,36.3351,-89.2983,374,47157,47157
Tennessee,Big Sandy,496,496,485,0.00404858,Town,494,790,0.628,36.2327,-88.0851,375,47125,47125
Tennessee,Counce,495,495,405,0.0714286,CDP,462,327,1.514,35.0404,-88.2717,376,47187,47187
Tennessee,Fairgarden,494,494,406,-0.00403226,CDP,496,285,1.731,35.8982,-83.412,377,47155,47155
Tennessee,Petros,482,482,526,-0.0122951,CDP,488,122,3.94,36.1028,-84.4503,378,47093,47093
Tennessee,Gadsden,474,474,473,0.0,Town,474,423,1.12,35.7768,-88.9861,379,47157,47157
Tennessee,Gilt Edge,474,474,474,0.0,City,474,175,2.708,35.5341,-89.8307,380,47157,47157
Tennessee,Baileyton,471,471,435,0.0150862,Town,464,290,1.622,36.3243,-82.8361,381,47155,47155
Tennessee,Walland,463,463,519,0.0311804,CDP,449,304,1.525,35.732,-83.8068,382,47009,47009
Tennessee,Beersheba Springs,462,462,434,0.0131579,Town,456,96,4.799,35.459,-85.6688,383,47065,47065
Tennessee,Pittman Center,462,462,459,0.0021692,Town,461,77,6.009,35.7595,-83.3885,384,47155,47155
Tennessee,Copperhill,457,457,442,0.00660793,City,454,258,1.769,34.999,-84.3913,385,47009,47009
Tennessee,Henry,453,453,443,0.00443459,Town,451,353,1.285,36.2011,-88.4114,386,47125,47125
Tennessee,Ridgeside,447,447,447,0.0,City,447,2645,0.169,35.0349,-85.247,387,47065,47065
Tennessee,Ducktown,446,446,458,-0.00446428,City,448,169,2.641,35.036,-84.3848,388,47009,47009
Tennessee,Hickman,446,446,274,0.0721154,CDP,416,293,1.523,36.1452,-85.9412,389,47189,47189
Tennessee,Bowman,438,438,91,0.020979,CDP,429,191,2.288,36.0616,-85.0357,390,47065,47065
Tennessee,Saltillo,428,428,418,0.00469483,Town,426,139,3.071,35.3805,-88.2536,391,47187,47187
Tennessee,Bell Buckle,424,424,413,0.00473934,Town,422,831,0.51,35.5908,-86.3538,392,47149,47149
Tennessee,Guys,423,423,413,0.00475059,Town,421,37,11.39,35.0152,-88.535,393,47157,47157
Tennessee,Pelham,423,423,334,0.00236967,CDP,422,25,16.64,35.3341,-85.8703,394,47065,47065
Tennessee,Darden,420,420,372,0.00238663,CDP,419,50,8.391,35.6384,-88.2261,395,47125,47125
Tennessee,Sardis,418,418,412,0.00239808,Town,417,167,2.5,35.4424,-88.2912,396,47125,47125
Tennessee,Briceville,411,411,412,0.0703125,CDP,384,851,0.483,36.1778,-84.1836,397,47093,47093
Tennessee,Stanton,411,411,415,-0.00242718,Town,412,797,0.516,35.4613,-89.4014,398,47157,47157
Tennessee,Ooltewah,406,406,744,-0.0424528,CDP,424,657,0.618,35.0723,-85.0545,399,47065,47065
Tennessee,Clarksburg,387,387,377,0.00519481,Town,385,155,2.492,35.8705,-88.3937,400,47125,47125
Tennessee,Flintville,381,381,419,-0.0403023,CDP,397,72,5.323,35.0602,-86.4165,401,47149,47149
Tennessee,Hilham,378,378,273,0.0738636,CDP,352,107,3.531,36.41,-85.4421,402,47189,47189
Tennessee,Gibson,377,377,364,0.00802139,Town,374,617,0.611,35.8743,-88.8439,403,47157,47157
Tennessee,Dowelltown,372,372,344,0.0163934,Town,366,495,0.752,36.0125,-85.9426,404,47189,47189
Tennessee,Burlison,369,369,369,0.0,Town,369,351,1.05,35.5569,-89.7846,405,47157,47157
Tennessee,Watauga,366,366,351,0.00826446,City,363,419,0.873,36.3683,-82.292,406,47155,47155
Tennessee,Blanche,359,359,396,0.0716418,CDP,335,61,5.882,35.0437,-86.7533,407,47187,47187
Tennessee,Nixon,357,357,249,0.0688623,CDP,334,202,1.765,35.1148,-88.2582,408,47187,47187
Tennessee,Mayland,356,356,240,0.0722892,CDP,332,220,1.618,36.0459,-85.2069,409,47065,47065
Tennessee,Stantonville,351,351,335,0.00862069,Town,348,311,1.128,35.1569,-88.4302,410,47157,47157
Tennessee,Liberty,343,343,332,0.0058651,Town,341,297,1.155,36.0045,-85.9778,411,47189,47189
Tennessee,Cottontown,340,340,356,-0.00293255,CDP,341,97,3.51,36.4489,-86.5336,412,47165,47165
Tennessee,Statesville,340,340,439,0.0725552,CDP,317,387,0.878,36.0198,-86.1206,413,47189,47189
Tennessee,Grand Junction,336,336,340,-0.00296736,City,337,283,1.187,35.05,-89.1889,414,47157,47157
Tennessee,Woodland Mills,336,336,343,-0.00296736,City,337,264,1.272,36.4767,-89.1104,415,47157,47157
Tennessee,Norene,333,333,226,0.0741935,CDP,310,195,1.71,36.0541,-86.2382,416,47189,47189
Tennessee,Williston,330,330,349,-0.011976,City,334,200,1.651,35.1585,-89.3754,417,47157,47157
Tennessee,Ramer,328,328,327,0.0,City,328,183,1.791,35.0719,-88.6149,418,47157,47157
Tennessee,Centertown,324,324,299,0.015674,Town,319,351,0.924,35.7251,-85.9197,419,47149,47149
Tennessee,Lynnville,324,324,293,0.0188679,Town,318,956,0.339,35.3781,-87.0054,420,47187,47187
Tennessee,Cumberland City,321,321,305,0.00943396,Town,318,64,5.005,36.3797,-87.6399,421,47125,47125
Tennessee,Butler,314,314,391,0.0716724,CDP,293,412,0.763,36.3571,-82.0356,422,47155,47155
Tennessee,Big Rock,312,312,280,0.0684932,CDP,292,181,1.72,36.5766,-87.7579,423,47125,47125
Tennessee,Westpoint,308,308,151,0.0731707,CDP,287,344,0.895,35.1349,-87.5376,424,47187,47187
Tennessee,Cumberland Gap,307,307,317,-0.00647249,Town,309,933,0.329,36.5974,-83.6658,425,47093,47093
Tennessee,Fairfield,300,300,200,0.0416667,CDP,288,303,0.991,36.6209,-86.3425,426,47165,47165
Tennessee,Leoma,300,300,477,0.0714286,CDP,280,158,1.897,35.1581,-87.3465,427,47187,47187
Tennessee,Cedar Hill,297,297,304,-0.0033557,City,298,477,0.623,36.5512,-87.0013,428,47125,47125
Tennessee,McLemoresville,291,291,290,0.0,Town,291,132,2.206,35.9863,-88.5801,429,47125,47125
Tennessee,Pocahontas,291,291,291,0.0698529,CDP,272,142,2.052,35.0547,-88.8019,430,47157,47157
Tennessee,Auburntown,285,285,274,0.00706714,Town,283,493,0.578,35.9526,-86.0935,431,47189,47189
Tennessee,Garland,284,284,286,0.0,Town,284,522,0.544,35.5878,-89.7531,432,47157,47157
Tennessee,Parker's Crossroads,283,283,282,0.0,City,283,75,3.786,35.7894,-88.3905,433,47125,47125
Tennessee,Milledgeville,279,279,273,0.00359712,Town,278,174,1.607,35.3776,-88.3661,434,47125,47125
Tennessee,Hillsboro,276,276,338,-0.0416667,CDP,288,67,4.118,35.4044,-85.9541,435,47149,47149
Tennessee,Finger,275,275,274,0.0,City,275,175,1.57,35.357,-88.617,436,47157,47157
Tennessee,Bethpage,273,273,481,-0.00364964,CDP,274,206,1.328,36.4843,-86.3085,437,47165,47165
Tennessee,Toone,270,270,267,0.00371747,Town,269,251,1.075,35.3565,-88.9542,438,47157,47157
Tennessee,Ocoee,268,268,154,0.072,CDP,250,287,0.933,35.1235,-84.7167,439,47065,47065
Tennessee,Morris Chapel,261,261,77,0.0696721,CDP,244,99,2.624,35.3139,-88.3558,440,47157,47157
Tennessee,Hornsby,259,259,259,0.0,Town,259,246,1.052,35.2287,-88.8296,441,47157,47157
Tennessee,Taft,251,251,271,0.0726496,CDP,234,70,3.592,35.0261,-86.7177,442,47187,47187
Tennessee,Braden,247,247,259,-0.00803213,Town,249,67,3.675,35.3685,-89.5718,443,47157,47157
Tennessee,Rives,245,245,247,0.0,Town,245,710,0.345,36.3562,-89.0496,444,47157,47157
Tennessee,New Deal,237,237,242,-0.0365854,CDP,246,125,1.894,36.5139,-86.5629,445,47165,47165
Tennessee,Randolph,235,235,174,0.0730594,CDP,219,162,1.447,35.5189,-89.8846,446,47157,47157
Tennessee,Iron City,234,234,94,0.0733945,CDP,218,339,0.691,35.0226,-87.5855,447,47187,47187
Tennessee,Parrottsville,229,229,216,0.0132743,Town,226,309,0.741,36.0082,-83.0915,448,47155,47155
Tennessee,Yorkville,227,227,234,-0.00438596,City,228,175,1.299,36.0976,-89.1183,449,47157,47157
Tennessee,Andersonville,224,224,427,-0.0705394,CDP,241,138,1.618,36.197,-84.0331,450,47093,47093
Tennessee,Whiteside,218,218,275,0.0738916,CDP,203,55,3.956,34.9946,-85.4868,451,47065,47065
Tennessee,Walnut Grove,212,212,215,-0.0535714,CDP,224,37,5.756,35.0479,-88.0641,452,47187,47187
Tennessee,Conasauga,209,209,143,0.0717949,CDP,195,551,0.379,35.0052,-84.7276,453,47065,47065
Tennessee,Wildersville,206,206,279,0.0729167,CDP,192,122,1.684,35.7767,-88.3561,454,47125,47125
Tennessee,Oakdale,205,205,194,0.00985222,Town,203,235,0.874,35.9927,-84.5567,455,47093,47093
Tennessee,Samburg,196,196,208,-0.010101,Town,198,414,0.473,36.3817,-89.3524,456,47157,47157
Tennessee,Medon,192,192,189,0.0052356,City,191,193,0.993,35.4521,-88.8626,457,47157,47157
Tennessee,Shiloh,188,188,204,0.0742857,CDP,175,126,1.496,35.1098,-88.3645,458,47157,47157
Tennessee,Enville,186,186,185,0.0,Town,186,129,1.445,35.3911,-88.4303,459,47157,47157
Tennessee,Slayden,182,182,172,0.0111111,Town,180,119,1.533,36.2913,-87.4656,460,47125,47125
Tennessee,Luray,178,178,71,0.0722892,CDP,166,54,3.272,35.6017,-88.5702,461,47157,47157
Tennessee,Palmersville,178,178,107,0.0722892,CDP,166,62,2.876,36.4084,-88.5842,462,47125,47125
Tennessee,Huron,165,165,107,0.0714286,CDP,154,166,0.993,35.5935,-88.536,463,47157,47157
Tennessee,Mitchellville,156,156,161,-0.00636943,City,157,291,0.537,36.6343,-86.54,464,47165,47165
Tennessee,Greenvale,150,150,103,0.0714286,CDP,140,62,2.425,36.0055,-86.2012,465,47189,47189
Tennessee,Chewalla,146,146,66,0.0735294,CDP,136,109,1.342,35.0209,-88.6427,466,47157,47157
Tennessee,Oak Grove,145,145,120,-0.0333333,CDP,150,113,1.283,36.5722,-86.3781,467,47165,47165
Tennessee,Farner,142,142,287,0.0676692,CDP,133,97,1.46,35.1544,-84.319,468,47009,47009
Tennessee,Yuma,142,142,105,0.0676692,CDP,133,98,1.448,35.8438,-88.3372,469,47125,47125
Tennessee,Dukedom,138,138,123,0.078125,CDP,128,74,1.865,36.494,-88.7219,470,47125,47125
Tennessee,Elgin,126,126,245,-0.0735294,CDP,136,65,1.942,36.3284,-84.6091,471,47093,47093
Tennessee,Holladay,124,124,159,0.0689655,CDP,116,84,1.478,35.8719,-88.1449,472,47125,47125
Tennessee,Bransford,121,121,269,-0.0241935,CDP,124,30,4.029,36.5133,-86.2853,473,47165,47165
Tennessee,La Grange,120,120,125,-0.00826446,Town,121,60,2.007,35.0476,-89.2409,474,47157,47157
Tennessee,Graball,118,118,105,-0.0634921,CDP,126,59,2.006,36.4837,-86.4395,475,47165,47165
Tennessee,Prospect,116,116,83,0.0740741,CDP,108,83,1.395,35.0219,-86.9989,476,47187,47187
Tennessee,Viola,114,114,103,0.0178571,Town,112,235,0.486,35.5424,-85.8596,477,47149,47149
Tennessee,Walterhill,114,114,158,-0.142857,CDP,133,38,3.006,35.9573,-86.3679,478,47149,47149
Tennessee,Saulsbury,113,113,112,0.0,Town,113,187,0.605,35.0488,-89.0883,479,47157,47157
Tennessee,Dellrose,112,112,77,0.0666667,CDP,105,49,2.264,35.1158,-86.8035,480,47187,47187
Tennessee,Normandy,106,106,108,0.0,Town,106,433,0.245,35.4522,-86.2582,481,47149,47149
Tennessee,Silerton,96,96,98,0.0,Town,96,144,0.668,35.3424,-88.8099,482,47157,47157
Tennessee,Bogota,93,93,80,0.0813954,CDP,86,38,2.419,36.162,-89.439,483,47157,47157
Tennessee,Buchanan,93,93,59,0.0813954,CDP,86,88,1.054,36.434,-88.2028,484,47125,47125
Tennessee,Essary Springs,91,91,37,0.0705882,CDP,85,22,4.129,35.0113,-88.8025,485,47157,47157
Tennessee,Belvidere,90,90,8,0.0714286,CDP,84,189,0.476,35.1281,-86.1881,486,47149,47149
Tennessee,Tuckers Crossroads,84,84,162,0.0769231,CDP,78,29,2.849,36.2066,-86.1676,487,47189,47189
Tennessee,Orme,83,83,88,-0.0119048,Town,84,20,4.13,35.0147,-85.8048,488,47065,47065
Tennessee,Frankewing,80,80,65,0.0666667,CDP,75,85,0.943,35.1944,-86.8568,489,47187,47187
Tennessee,Hickory Valley,80,80,79,0.0,Town,80,252,0.317,35.1549,-89.126,490,47157,47157
Tennessee,Miston,76,76,30,0.0704225,CDP,71,55,1.387,36.1604,-89.494,491,47157,47157
Tennessee,Lavinia,70,70,100,0.0769231,CDP,65,50,1.406,35.8508,-88.6527,492,47157,47157
Tennessee,Cottage Grove,66,66,66,0.0,Town,66,386,0.171,36.3782,-88.479,493,47125,47125
Tennessee,Robbins,65,65,93,-0.177215,CDP,79,37,1.747,36.3537,-84.5839,494,47093,47093
Tennessee,Mercer,64,64,80,0.0666667,CDP,60,37,1.741,35.4745,-89.0394,495,47157,47157
Tennessee,Coker Creek,56,56,166,0.0769231,CDP,52,29,1.917,35.2632,-84.2882,496,47009,47009
Tennessee,Eva,48,48,71,-0.25,CDP,64,24,1.99,36.0679,-88.0071,497,47125,47125
Tennessee,Dancyville,40,40,37,0.0810811,CDP,37,28,1.448,35.4067,-89.297,498,47157,47157
Tennessee,Childers Hill,25,25,155,0.0869565,CDP,23,21,1.206,35.0815,-88.3267,499,47157,47157
Tennessee,Whitlock,22,22,49,0.047619,CDP,21,29,0.76,36.3669,-88.3618,500,47125,47125
Tennessee,Wynnburg,19,19,38,0.0555556,CDP,18,16,1.157,36.33,-89.4686,501,47157,47157
Tennessee,Sherwood,11,11,80,0.1,CDP,10,12,0.907,35.0749,-85.9259,502,47065,47065
