state,city,population,pop2025,pop2020,growth,type,pop2024,densityMi,areaMi,lat,lng,rank,fips_code,geo_id
West Virginia,Charleston,45636,45636,48641,-0.0129982,City,46237,1454,31.397,38.3487,-81.6323,1,54039,54039
West Virginia,Huntington,44375,44375,46750,-0.0105909,City,44850,2736,16.219,38.4107,-82.4347,2,54011,54011
West Virginia,Morgantown,30590,30590,30187,0.00265495,City,30509,3005,10.179,39.6375,-79.9469,3,54061,54061
West Virginia,Parkersburg,28599,28599,29664,-0.00739275,City,28812,2427,11.782,39.2613,-81.5434,4,54107,54107
West Virginia,Wheeling,25682,25682,26996,-0.0101368,City,25945,1863,13.786,40.0738,-80.696,5,54049,54049
West Virginia,Martinsburg,19042,19042,18774,0.0028439,City,18988,2872,6.631,39.4578,-77.9782,6,54003,54003
West Virginia,Fairmont,17974,17974,18426,-0.00498229,City,18064,2090,8.602,39.4769,-80.1491,7,54049,54049
West Virginia,Weirton,17903,17903,19110,-0.0132826,City,18144,992,18.055,40.4063,-80.5656,8,54061,54061
West Virginia,Beckley,16148,16148,17218,-0.0130791,City,16362,1700,9.498,37.7731,-81.1616,9,54081,54081
West Virginia,Clarksburg,15135,15135,16019,-0.0115596,City,15312,1557,9.719,39.2703,-80.3618,10,54033,54033
West Virginia,South Charleston,12905,12905,13845,-0.0143588,City,13093,1322,9.76,38.3408,-81.7108,11,54039,54039
West Virginia,Vienna,10336,10336,10638,-0.00577145,City,10396,2605,3.968,39.3228,-81.5298,12,54107,54107
West Virginia,St. Albans,10095,10095,10825,-0.0142564,City,10241,2793,3.615,38.3776,-81.8193,13,54079,54079
West Virginia,Bridgeport,9414,9414,9321,0.00202235,City,9395,888,10.599,39.3034,-80.2429,14,54033,54033
West Virginia,Bluefield,9048,9048,9608,-0.0122271,City,9160,1008,8.974,37.2628,-81.2113,15,54055,54055
West Virginia,Charles Town,8436,8436,6526,0.0474298,City,8054,1438,5.866,39.264,-77.8813,16,54003,54003
West Virginia,Oak Hill,7639,7639,8163,-0.0135589,City,7744,784,9.746,37.972,-81.1579,17,54019,54019
West Virginia,Moundsville,7502,7502,8057,-0.0145803,City,7613,2581,2.907,39.9221,-80.7421,18,54049,54049
West Virginia,Dunbar,6971,6971,7450,-0.0135843,City,7067,2488,2.802,38.3695,-81.7361,19,54039,54039
West Virginia,Hurricane,6702,6702,6961,-0.00769914,City,6754,1805,3.714,38.4275,-82.0181,20,54079,54079
West Virginia,Elkins,6643,6643,6923,-0.00835946,City,6699,1829,3.633,38.9238,-79.854,21,54033,54033
West Virginia,Nitro,6291,6291,6628,-0.0105379,City,6358,1177,5.345,38.4116,-81.8078,22,54079,54079
West Virginia,Ranson,5854,5854,5466,0.0135042,Corporation,5776,722,8.103,39.3101,-77.883,23,54003,54003
West Virginia,Princeton,5506,5506,5845,-0.0121995,City,5574,1827,3.014,37.3688,-81.0962,24,54055,54055
West Virginia,New Martinsville,5009,5009,5203,-0.00772583,City,5048,1874,2.673,39.6456,-80.8627,25,54033,54033
West Virginia,Buckhannon,4971,4971,5180,-0.00837822,City,5013,1745,2.849,38.9927,-80.2282,26,54033,54033
West Virginia,Keyser,4834,4834,4856,-0.000826787,City,4838,2449,1.974,39.4394,-78.9821,27,54003,54003
West Virginia,Grafton,4499,4499,4724,-0.00990317,City,4544,1225,3.672,39.3406,-80.0161,28,54049,54049
West Virginia,Barboursville,4299,4299,4439,-0.006471,Village,4327,1071,4.014,38.4064,-82.2953,29,54011,54011
West Virginia,Westover,4091,4091,3970,0.00590116,City,4067,1344,3.045,39.6338,-79.99,30,54061,54061
West Virginia,Point Pleasant,3803,3803,4065,-0.013489,City,3855,1574,2.416,38.8502,-82.132,31,54079,54079
West Virginia,Ravenswood,3793,3793,3857,-0.00341566,City,3806,2088,1.817,38.9563,-81.762,32,54107,54107
West Virginia,Lewisburg,3699,3699,3913,-0.0114912,City,3742,973,3.803,37.8094,-80.4326,33,54019,54019
West Virginia,Weston,3664,3664,3944,-0.0150538,City,3720,1886,1.943,39.0388,-80.4622,34,54033,54033
West Virginia,Pleasant Valley,3468,3468,3505,-0.00201439,City,3475,1073,3.231,39.453,-80.1554,35,54049,54049
West Virginia,Welch,3308,3308,3572,-0.0157691,City,3361,548,6.037,37.4281,-81.5915,36,54055,54055
West Virginia,Summersville,3292,3292,3422,-0.00783604,City,3318,734,4.487,38.287,-80.8415,37,54019,54019
West Virginia,Ripley,3027,3027,3067,-0.00263591,City,3035,939,3.223,38.8216,-81.7093,38,54079,54079
West Virginia,Kingwood,2941,2941,2978,-0.00237449,City,2948,1210,2.43,39.472,-79.6823,39,54061,54061
West Virginia,Williamstown,2931,2931,2991,-0.00407747,City,2943,1966,1.491,39.3983,-81.4546,40,54107,54107
West Virginia,Philippi,2890,2890,2924,-0.00241629,City,2897,1022,2.829,39.1473,-80.0504,41,54033,54033
West Virginia,Kenova,2810,2810,3027,-0.0150719,City,2853,2130,1.319,38.4022,-82.5821,42,54011,54011
West Virginia,Fayetteville,2736,2736,2905,-0.0122744,Town,2770,474,5.774,38.0641,-81.1087,43,54019,54019
West Virginia,Milton,2722,2722,2804,-0.00584368,Town,2738,1382,1.969,38.438,-82.146,44,54011,54011
West Virginia,Williamson,2675,2675,3064,-0.0283327,City,2753,817,3.275,37.6741,-82.2711,45,54011,54011
West Virginia,Madison,2634,2634,2904,-0.0200893,City,2688,376,7.006,38.0642,-81.7949,46,54039,54039
West Virginia,Follansbee,2595,2595,2837,-0.0181612,City,2643,1408,1.843,40.337,-80.5972,47,54049,54049
West Virginia,Bethlehem,2521,2521,2601,-0.00630666,Village,2537,711,3.544,40.0444,-80.6881,48,54049,54049
West Virginia,Moorefield,2473,2473,2508,-0.00282258,Town,2480,928,2.666,39.0674,-78.9624,49,54003,54003
West Virginia,Winfield,2351,2351,2393,-0.00339127,Town,2359,997,2.358,38.5267,-81.8855,50,54079,54079
West Virginia,Paden City,2325,2325,2532,-0.0173288,City,2366,2748,0.846,39.603,-80.9353,51,54033,54033
West Virginia,Petersburg,2249,2249,2296,-0.00398583,City,2258,1392,1.616,38.9957,-79.1277,52,54061,54061
West Virginia,Shinnston,2244,2244,2323,-0.00707965,City,2260,1342,1.672,39.3923,-80.299,53,54033,54033
West Virginia,Wellsburg,2209,2209,2441,-0.0203991,City,2255,2277,0.97,40.2809,-80.6106,54,54049,54049
West Virginia,White Sulphur Springs,2166,2166,2218,-0.00459559,City,2176,1156,1.873,37.7993,-80.3009,55,54019,54019
West Virginia,Hinton,2076,2076,2240,-0.0156472,City,2109,930,2.233,37.6746,-80.8811,56,54081,54081
West Virginia,Chester,2055,2055,2200,-0.0139155,City,2084,2057,0.999,40.6129,-80.5627,57,54061,54061
West Virginia,Spencer,1948,1948,2032,-0.0086514,City,1965,1560,1.249,38.8,-81.3534,58,54107,54107
West Virginia,Mannington,1893,1893,1950,-0.00577731,City,1904,1732,1.093,39.5287,-80.3405,59,54049,54049
West Virginia,Star City,1791,1791,1758,0.00392377,Town,1784,3663,0.489,39.6592,-79.9866,60,54061,54061
West Virginia,Belington,1779,1779,1804,-0.00280269,Town,1784,863,2.061,39.0151,-79.9409,61,54033,54033
West Virginia,Romney,1745,1745,1764,-0.00228702,City,1749,1651,1.057,39.3445,-78.7558,62,54003,54003
West Virginia,Stonewood,1728,1728,1805,-0.00860585,City,1743,2031,0.851,39.2501,-80.3054,63,54033,54033
West Virginia,St. Marys,1715,1715,1832,-0.0132336,City,1738,1675,1.024,39.3944,-81.2037,64,54107,54107
West Virginia,Richwood,1598,1598,1660,-0.00745342,City,1610,993,1.61,38.2224,-80.538,65,54019,54019
West Virginia,McMechen,1561,1561,1691,-0.0163831,City,1587,2734,0.571,39.9865,-80.7335,66,54049,54049
West Virginia,Shepherdstown,1541,1541,1531,0.00129955,Town,1539,3843,0.401,39.4319,-77.8046,67,54003,54003
West Virginia,Harrisville,1508,1508,1622,-0.0150229,Town,1531,952,1.584,39.2119,-81.0485,68,54107,54107
West Virginia,Ronceverte,1505,1505,1570,-0.0085639,City,1518,883,1.704,37.7511,-80.4698,69,54019,54019
West Virginia,Eleanor,1498,1498,1545,-0.00597213,Town,1507,700,2.14,38.5361,-81.9249,70,54079,54079
West Virginia,Salem,1455,1455,1522,-0.00885559,City,1468,1087,1.338,39.2849,-80.5645,71,54033,54033
West Virginia,West Liberty,1431,1431,1456,-0.00348189,Town,1436,1310,1.092,40.1644,-80.5971,72,54049,54049
West Virginia,Nutter Fort,1429,1429,1491,-0.00832755,Town,1441,1607,0.889,39.2604,-80.3265,73,54033,54033
West Virginia,Terra Alta,1407,1407,1422,-0.00212766,Town,1410,1187,1.185,39.4443,-79.5436,74,54061,54061
West Virginia,Marmet,1399,1399,1488,-0.0127029,City,1417,1098,1.274,38.2457,-81.5754,75,54039,54039
West Virginia,Glen Dale,1382,1382,1489,-0.0149679,City,1403,1626,0.85,39.9464,-80.7554,76,54049,54049
West Virginia,New Haven,1382,1382,1471,-0.0128571,Town,1400,1255,1.101,38.9882,-81.9673,77,54107,54107
West Virginia,Granville,1380,1380,1357,0.00363636,Town,1375,1064,1.297,39.6488,-79.9992,78,54061,54061
West Virginia,Wayne,1367,1367,1437,-0.0101376,Town,1381,1158,1.18,38.2298,-82.4416,79,54011,54011
West Virginia,Oceana,1347,1347,1451,-0.0153509,Town,1368,1043,1.292,37.6934,-81.6299,80,54081,54081
West Virginia,Mullens,1325,1325,1469,-0.021418,City,1354,719,1.842,37.5825,-81.3862,81,54081,54081
West Virginia,Ceredo,1299,1299,1404,-0.0159091,City,1320,989,1.314,38.3957,-82.5484,82,54011,54011
West Virginia,Sistersville,1275,1275,1405,-0.0199846,City,1301,2429,0.525,39.5598,-80.9987,83,54107,54107
West Virginia,Logan,1273,1273,1432,-0.0245211,City,1305,1109,1.148,37.8519,-81.9881,84,54011,54011
West Virginia,Parsons,1266,1266,1323,-0.00861394,City,1277,1128,1.122,39.0945,-79.6785,85,54061,54061
West Virginia,Chesapeake,1260,1260,1334,-0.0117647,Town,1275,2620,0.481,38.2229,-81.5362,86,54039,54039
West Virginia,Mabscott,1246,1246,1336,-0.0142405,Town,1264,1347,0.925,37.769,-81.2133,87,54081,54081
West Virginia,Ansted,1245,1245,1312,-0.0103339,Town,1258,795,1.566,38.1354,-81.1035,88,54019,54019
West Virginia,Mount Hope,1236,1236,1335,-0.0159236,City,1256,663,1.863,37.8968,-81.1722,89,54081,54081
West Virginia,Buffalo,1200,1200,1212,-0.00166389,Town,1202,866,1.386,38.6118,-81.9816,90,54079,54079
West Virginia,Barrackville,1195,1195,1210,-0.00250417,Town,1198,1734,0.689,39.5017,-80.1698,91,54049,54049
West Virginia,Montgomery,1192,1192,1271,-0.013245,City,1208,735,1.621,38.1734,-81.3197,92,54039,54039
West Virginia,Benwood,1153,1153,1247,-0.0162116,City,1172,888,1.298,40.0046,-80.7306,93,54049,54049
West Virginia,Rainelle,1141,1141,1186,-0.00782609,Town,1150,1025,1.113,37.968,-80.7708,94,54019,54019
West Virginia,Monongah,1084,1084,971,0.0216777,Town,1061,2221,0.488,39.4583,-80.2208,95,54049,54049
West Virginia,Belle,1074,1074,1154,-0.0146789,Town,1090,1557,0.69,38.2354,-81.5367,96,54039,54039
West Virginia,Sophia,1054,1054,1124,-0.0131086,Town,1068,1510,0.698,37.7073,-81.2536,97,54081,54081
West Virginia,Glenville,1053,1053,1118,-0.0121951,Town,1066,1058,0.995,38.9402,-80.8333,98,54033,54033
West Virginia,Pennsboro,989,989,1051,-0.011988,City,1001,367,2.698,39.2841,-80.9661,99,54107,54107
West Virginia,Bolivar,984,984,1036,-0.0100604,Town,994,2273,0.433,39.3242,-77.7517,100,54003,54003
West Virginia,Hamlin,964,964,1034,-0.0143149,Town,978,1615,0.597,38.2779,-82.102,101,54011,54011
West Virginia,New Cumberland,960,960,1019,-0.0123457,City,972,787,1.22,40.527,-80.6169,102,54061,54061
West Virginia,Marlinton,955,955,990,-0.00727651,Town,962,406,2.351,38.2241,-80.0875,103,54019,54019
West Virginia,Athens,924,924,968,-0.0096463,Town,933,2293,0.403,37.4207,-81.0125,104,54055,54055
West Virginia,Alderson,923,923,968,-0.00965665,Town,932,1032,0.894,37.7297,-80.642,105,54019,54019
West Virginia,Chapmanville,915,915,1017,-0.0213904,Town,935,1393,0.657,37.9709,-82.0204,106,54011,54011
West Virginia,Clendenin,868,868,853,0.00346821,Town,865,602,1.442,38.4845,-81.3515,107,54039,54039
West Virginia,Poca,857,857,874,-0.00348837,Town,860,1544,0.555,38.4744,-81.8119,108,54079,54079
West Virginia,Carpendale,839,839,858,-0.00474496,Town,843,639,1.312,39.6277,-78.7897,109,54003,54003
West Virginia,Rupert,828,828,875,-0.0107527,Town,837,1080,0.767,37.9648,-80.6868,110,54019,54019
West Virginia,Sutton,819,819,861,-0.00967352,Town,827,1054,0.777,38.6678,-80.7135,111,54033,54033
West Virginia,Mason,818,818,857,-0.00968523,Town,826,1403,0.583,39.0165,-82.033,112,54079,54079
West Virginia,Belmont,811,811,868,-0.013382,City,822,1988,0.408,39.378,-81.2638,113,54107,54107
West Virginia,North Hills,806,806,833,-0.00616523,Town,811,1424,0.566,39.3151,-81.5088,114,54107,54107
West Virginia,Rivesville,803,803,827,-0.00618812,Town,808,1532,0.524,39.5322,-80.1206,115,54049,54049
West Virginia,Cameron,796,796,858,-0.0148515,City,808,927,0.859,39.8303,-80.5701,116,54049,54049
West Virginia,East Bank,772,772,819,-0.0115237,Town,781,1602,0.482,38.2153,-81.4441,117,54039,54039
West Virginia,Bath (Berkeley Springs),750,750,754,-0.00133156,Town,751,2232,0.336,39.6247,-78.2275,118,54003,54003
West Virginia,Bethany,743,743,775,-0.00801068,Town,749,1014,0.733,40.2048,-80.5609,119,54049,54049
West Virginia,Gassaway,720,720,754,-0.00962861,Town,727,623,1.155,38.6667,-80.7704,120,54019,54019
West Virginia,White Hall,702,702,704,0.0,Town,702,667,1.052,39.4218,-80.1857,121,54049,54049
West Virginia,Man,695,695,774,-0.0225035,Town,711,634,1.096,37.7439,-81.8804,122,54039,54039
West Virginia,Piedmont,693,693,713,-0.00573888,Town,697,1819,0.381,39.4778,-79.0465,123,54061,54061
West Virginia,Smithers,687,687,742,-0.0157593,City,698,482,1.424,38.1658,-81.2975,124,54019,54019
West Virginia,Elizabeth,682,682,722,-0.0115942,Town,690,1442,0.473,39.0623,-81.3973,125,54107,54107
West Virginia,Lumberport,681,681,715,-0.0101744,Town,688,1354,0.503,39.3742,-80.3483,126,54033,54033
West Virginia,Cedar Grove,673,673,718,-0.0131965,Town,682,939,0.717,38.2224,-81.4379,127,54039,54039
West Virginia,Glasgow,672,672,702,-0.00884956,Town,678,1442,0.466,38.2127,-81.4192,128,54039,54039
West Virginia,Grant Town,665,665,687,-0.00597907,Town,669,1262,0.527,39.5608,-80.1779,129,54049,54049
West Virginia,Addison (Webster Springs),663,663,728,-0.0192308,Town,676,1470,0.451,38.4777,-80.4053,130,54019,54019
West Virginia,Gary,661,661,765,-0.0307918,City,682,786,0.841,37.3632,-81.5357,131,54055,54055
West Virginia,Middlebourne,652,652,716,-0.0195489,Town,665,1806,0.361,39.4949,-80.9106,132,54033,54033
West Virginia,Fort Gay,651,651,676,-0.00762195,Town,656,789,0.825,38.1222,-82.5913,133,54011,54011
West Virginia,Triadelphia,637,637,671,-0.0108696,Town,644,947,0.673,40.0432,-80.6183,134,54049,54049
West Virginia,West Union,630,630,652,-0.00630915,Town,634,1750,0.36,39.2968,-80.776,135,54033,54033
West Virginia,Danville,618,618,673,-0.0174881,Town,629,578,1.07,38.0801,-81.834,136,54039,54039
West Virginia,Thomas,599,599,606,-0.00166667,City,600,134,4.46,39.1449,-79.4954,137,54061,54061
West Virginia,Beverly,589,589,621,-0.010084,Town,595,1342,0.439,38.8441,-79.8718,138,54033,54033
West Virginia,Pineville,588,588,643,-0.0183639,Town,599,766,0.768,37.5845,-81.5364,139,54081,54081
West Virginia,Ridgeley,569,569,589,-0.0069808,Town,573,1962,0.29,39.6413,-78.7729,140,54003,54003
West Virginia,Davis,568,568,600,-0.010453,Town,574,311,1.827,39.1268,-79.4625,141,54061,54061
West Virginia,Mill Creek,532,532,556,-0.00931099,Town,537,1164,0.457,38.7319,-79.9725,142,54033,54033
West Virginia,Reedsville,522,522,531,-0.00381679,Town,524,802,0.651,39.5103,-79.8005,143,54061,54061
West Virginia,War,521,521,616,-0.0351852,City,540,585,0.891,37.31,-81.6763,144,54055,54055
West Virginia,Gauley Bridge,515,515,552,-0.01341,Town,522,329,1.564,38.1668,-81.2096,145,54019,54019
West Virginia,Beech Bottom,504,504,554,-0.0194553,Village,514,434,1.162,40.2233,-80.6579,146,54049,54049
West Virginia,Masontown,504,504,506,0.0,Town,504,1813,0.278,39.5512,-79.8003,147,54061,54061
West Virginia,Anmoore,493,493,513,-0.00804829,Town,497,466,1.057,39.2563,-80.294,148,54033,54033
West Virginia,Hartford City,486,486,506,-0.00816326,Town,490,393,1.237,38.995,-81.9881,149,54079,54079
West Virginia,West Hamlin,486,486,520,-0.0141988,Town,493,910,0.534,38.2849,-82.1978,150,54011,54011
West Virginia,Cowen,457,457,487,-0.012959,Town,463,727,0.629,38.4106,-80.5539,151,54019,54019
West Virginia,Franklin,456,456,486,-0.012987,Town,462,811,0.562,38.6453,-79.3333,152,54061,54061
West Virginia,Grantsville,456,456,493,-0.0151188,Town,463,1048,0.435,38.9207,-81.0932,153,54107,54107
West Virginia,Peterstown,449,449,449,0.0,Town,449,1421,0.316,37.399,-80.795,154,54055,54055
West Virginia,Clearview,447,447,476,-0.013245,Village,453,1106,0.404,40.1391,-80.6908,155,54049,54049
West Virginia,Pratt,447,447,481,-0.0154185,Town,454,1563,0.286,38.2076,-81.3873,156,54039,54039
West Virginia,West Milford,435,435,452,-0.00684932,Town,438,819,0.531,39.2044,-80.4034,157,54033,54033
West Virginia,Rowlesburg,431,431,441,-0.00461894,Town,433,426,1.011,39.3488,-79.6767,158,54061,54061
West Virginia,Capon Bridge,426,426,416,0.00471698,Town,424,603,0.707,39.302,-78.4328,159,54003,54003
West Virginia,Union,411,411,420,-0.00484262,Town,413,919,0.447,37.5907,-80.54,160,54055,54055
West Virginia,Paw Paw,408,408,412,-0.00244499,Town,409,770,0.53,39.5313,-78.4553,161,54003,54003
West Virginia,Farmington,404,404,388,0.0074813,Town,401,973,0.415,39.5122,-80.2504,162,54049,54049
West Virginia,Bancroft,381,381,388,-0.0026178,Town,382,2741,0.139,38.5107,-81.8414,163,54079,54079
West Virginia,Delbarton,379,379,418,-0.0206718,Town,387,191,1.987,37.7052,-82.1861,164,54011,54011
West Virginia,Jane Lew,376,376,406,-0.0157068,Town,382,1573,0.239,39.1108,-80.408,165,54033,54033
West Virginia,Burnsville,371,371,393,-0.0106667,Town,375,351,1.057,38.8555,-80.6527,166,54033,54033
West Virginia,Junior,370,370,384,-0.0080429,Town,373,1178,0.314,38.9766,-79.9526,167,54033,54033
West Virginia,Fairview,368,368,373,-0.00271003,Town,369,1314,0.28,39.5927,-80.2468,168,54049,54049
West Virginia,Clay,361,361,395,-0.0190217,Town,368,647,0.558,38.4615,-81.0849,169,54019,54019
West Virginia,Matewan,361,361,411,-0.0269542,Town,371,653,0.553,37.6222,-82.1593,170,54011,54011
West Virginia,West Logan,357,357,397,-0.0219178,Town,365,1056,0.338,37.8679,-81.9906,171,54011,54011
West Virginia,Lost Creek,340,340,359,-0.0116279,Town,344,350,0.971,39.1627,-80.3484,172,54033,54033
West Virginia,Pine Grove,333,333,360,-0.0147929,Town,338,946,0.352,39.5635,-80.6848,173,54033,54033
West Virginia,Windsor Heights,325,325,359,-0.0210843,Village,332,2273,0.143,40.1913,-80.6647,174,54049,54049
West Virginia,Whitesville,321,321,361,-0.0243161,Town,329,1046,0.307,37.9796,-81.5346,175,54039,54039
West Virginia,Lester,319,319,336,-0.00931677,Town,322,637,0.501,37.732,-81.3027,176,54081,54081
West Virginia,Meadow Bridge,305,305,327,-0.012945,Town,309,761,0.401,37.8616,-80.8571,177,54019,54019
West Virginia,Flemington,300,300,310,-0.00662252,Town,302,984,0.305,39.2666,-80.1285,178,54033,54033
West Virginia,Hedgesville,299,299,304,-0.00333333,Town,300,2282,0.131,39.5544,-77.9945,179,54003,54003
West Virginia,Gilbert,297,297,331,-0.0230263,Town,304,298,0.995,37.6149,-81.8704,180,54081,54081
West Virginia,Tunnelton,289,289,293,-0.00344827,Town,290,863,0.335,39.3929,-79.7466,181,54061,54061
West Virginia,Mitchell Heights,288,288,315,-0.0170648,Town,293,857,0.336,37.9087,-81.9866,182,54011,54011
West Virginia,Kermit,280,280,314,-0.0243902,Town,287,714,0.392,37.8425,-82.4086,183,54011,54011
West Virginia,Harpers Ferry,266,266,271,-0.00374532,Town,267,497,0.535,39.3252,-77.7414,184,54003,54003
West Virginia,Wardensville,261,261,263,0.0,Town,261,806,0.324,39.0788,-78.5903,185,54003,54003
West Virginia,Bramwell,259,259,274,-0.0114504,Town,262,467,0.555,37.3295,-81.3077,186,54055,54055
West Virginia,Durbin,259,259,234,0.019685,Town,254,453,0.572,38.5471,-79.8278,187,54033,54033
West Virginia,Valley Grove,258,258,275,-0.0114943,Village,261,472,0.547,40.0863,-80.577,188,54049,54049
West Virginia,Ellenboro,255,255,224,0.0240964,Town,249,227,1.125,39.27,-81.0557,189,54107,54107
West Virginia,Newburg,255,255,262,-0.00390625,Town,256,325,0.785,39.3889,-79.8536,190,54061,54061
West Virginia,Flatwoods,253,253,262,-0.00784314,Town,255,386,0.655,38.717,-80.6525,191,54033,54033
West Virginia,Albright,244,244,248,-0.00408163,Town,245,1052,0.232,39.4947,-79.6398,192,54061,54061
West Virginia,Kimball,235,235,280,-0.0368852,Town,244,388,0.605,37.42,-81.5149,193,54055,54055
West Virginia,Hundred,232,232,256,-0.021097,Town,237,462,0.502,39.6836,-80.4576,194,54049,54049
West Virginia,Hillsboro,223,223,232,-0.00888889,Town,225,418,0.533,38.1384,-80.2107,195,54019,54019
West Virginia,Henderson,217,217,227,-0.00913242,Town,219,519,0.418,38.831,-82.1353,196,54079,54079
West Virginia,Hendricks,215,215,227,-0.00921659,Town,217,629,0.342,39.0761,-79.6291,197,54061,54061
West Virginia,Iaeger,214,214,253,-0.036036,Town,222,270,0.792,37.4601,-81.8185,198,54081,54081
West Virginia,Handley,208,208,223,-0.014218,Town,211,218,0.954,38.191,-81.3748,199,54039,54039
West Virginia,Hambleton,207,207,216,-0.00956938,Town,209,1500,0.138,39.081,-79.6456,200,54061,54061
West Virginia,Quinwood,207,207,221,-0.0142857,Town,210,598,0.346,38.0585,-80.7059,201,54019,54019
West Virginia,Elk Garden,203,203,212,-0.0097561,Town,205,787,0.258,39.3862,-79.1556,202,54061,54061
West Virginia,Northfork,193,193,230,-0.035,Town,200,200,0.964,37.4196,-81.4274,203,54055,54055
West Virginia,Bayard,189,189,199,-0.0104712,Town,191,608,0.311,39.2711,-79.3662,204,54061,54061
West Virginia,Womelsdorf (Coalton),183,183,187,-0.00543478,Town,184,442,0.414,38.898,-79.9637,205,54033,54033
West Virginia,Davy,177,177,207,-0.0327869,Town,183,139,1.273,37.4776,-81.6419,206,54081,54081
West Virginia,Worthington,173,173,178,-0.00574713,Town,174,297,0.583,39.4577,-80.264,207,54049,54049
West Virginia,Sand Fork,172,172,179,-0.00578035,Town,173,529,0.325,38.9155,-80.7465,208,54033,54033
West Virginia,Bradshaw,171,171,201,-0.0338983,Town,177,221,0.774,37.3494,-81.7973,209,54055,54055
West Virginia,Falling Spring,167,167,172,-0.00595238,Town,168,324,0.515,37.9924,-80.357,210,54019,54019
West Virginia,Cairo,162,162,174,-0.0121951,Town,164,343,0.472,39.2073,-81.1537,211,54107,54107
West Virginia,Huttonsville,154,154,161,-0.00645161,Town,155,508,0.303,38.7138,-79.9766,212,54033,54033
West Virginia,Sylvester,146,146,166,-0.0266667,Town,150,579,0.252,38.008,-81.5617,213,54039,54039
West Virginia,Keystone,145,145,174,-0.0397351,City,151,448,0.324,37.4158,-81.4462,214,54055,54055
West Virginia,Reedy,143,143,152,-0.0137931,Town,145,733,0.195,38.8997,-81.4263,215,54107,54107
West Virginia,Anawalt,141,141,165,-0.0342466,Town,146,245,0.575,37.3365,-81.4406,216,54055,54055
West Virginia,Montrose,136,136,143,-0.00729927,Town,137,217,0.627,39.0673,-79.8143,217,54049,54049
West Virginia,Rhodell,135,135,139,-0.00735294,Town,136,430,0.314,37.6095,-81.3051,218,54081,54081
West Virginia,Oakvale,129,129,133,-0.00769231,Town,130,309,0.418,37.3321,-80.9729,219,54055,54055
West Virginia,Pullman,128,128,135,-0.00775194,Town,129,527,0.243,39.188,-80.949,220,54107,54107
West Virginia,Brandonville,127,127,129,0.0,Town,127,330,0.385,39.6671,-79.6277,221,54061,54061
West Virginia,Pax,126,126,135,-0.015625,Town,128,414,0.304,37.9099,-81.2648,222,54081,54081
West Virginia,Leon,125,125,135,-0.015748,Town,127,391,0.32,38.7481,-81.9545,223,54079,54079
West Virginia,Blacksville,120,120,117,0.00840336,Town,119,401,0.299,39.7156,-80.2147,224,54049,54049
West Virginia,Camden-on-Gauley,118,118,127,-0.0166667,Town,120,363,0.325,38.369,-80.5975,225,54019,54019
West Virginia,Harman,92,92,96,-0.0107527,Town,93,285,0.323,38.9211,-79.5246,226,54061,54061
West Virginia,Smithfield,92,92,102,-0.0212766,Town,94,315,0.292,39.4949,-80.56,227,54033,54033
West Virginia,Friendly,91,91,98,-0.0108696,Town,92,901,0.101,39.5137,-81.0618,228,54107,54107
West Virginia,Auburn,76,76,81,-0.012987,Town,77,227,0.335,39.0961,-80.8562,229,54033,54033
West Virginia,Bruceton Mills,61,61,61,0.0,Town,61,1109,0.055,39.6594,-79.6406,230,54061,54061
West Virginia,Thurmond,2,2,2,0.0,Town,2,22,0.091,37.9633,-81.0809,231,54019,54019
